column,pairs,equal,within_1pct,pcap_zero_csv_nonzero,pcap_nonzero_csv_zero,median_ratio_when_different,mean_pcap,mean_csv
active_mean,38176,0.0094,0.0337,0,29162,0.9442,714615.65,108480.89
fwd_data_pkts,38176,0.3318,0.3321,0,7337,2.0,3.455,2.788
bwd_init_win,38176,0.6737,0.676,6,1547,121.5129,9124.988,996.881
pkt_len_mean,38176,0.9281,0.9306,1,0,1.0769,135.772,135.331
pkt_len_std,38176,0.9283,0.9691,1,0,1.006,171.557,171.218
down_up_ratio,38176,0.9284,0.9297,3,0,1.0353,0.966,0.967
flow_iat_mean,38176,0.9287,0.9316,1,0,1.0769,1027869.568,1025459.919
flow_iat_std,38176,0.9287,0.9391,1,0,1.0353,1758749.245,1755502.982
duration_us,38176,0.9319,0.9895,1,0,1.0,15244456.766,15250953.593
rst_cnt,38176,0.9361,0.9361,0,0,0.5,0.103,0.185
bwd_pkts,38176,0.9468,0.9469,3,0,0.9412,11.209,11.285
bwd_iat_std,38176,0.9471,0.9488,29,0,1.0269,1415722.533,1408856.856
bwd_pkt_len_std,38176,0.9472,0.9484,14,0,1.0119,166.388,165.913
fwd_hdr_bytes,38176,0.9503,0.9512,0,0,0.9111,227.258,196.217
fwd_iat_std,38176,0.9508,0.9598,30,0,1.0352,1457360.544,1454522.269
fwd_pkts,38176,0.9508,0.9513,0,0,0.9091,9.743,9.809
fwd_pkt_len_std,38176,0.9509,0.9532,3,0,1.0134,54.749,54.59
ack_cnt,38176,0.9542,0.9552,0,0,0.96,18.219,18.288
bwd_rst_cnt,38176,0.9618,0.9618,171,0,0.5,0.054,0.094
fin_cnt,38176,0.9641,0.9641,13,0,0.5,0.621,0.66
fwd_rst_cnt,38176,0.9725,0.9725,279,0,0.3333,0.049,0.091
psh_cnt,38176,0.9942,0.9942,1,0,0.8333,4.156,4.169
bwd_bytes,38176,0.9942,0.9963,8,0,0.9782,11297.605,11309.375
flow_iat_min,38176,0.9959,0.9959,1,15,4.0531,191402.764,191402.71
fwd_seg_size_min,38176,0.9966,0.9966,0,1,1.6,14.482,14.441
flow_iat_max,38176,0.9986,0.9987,1,0,0.4896,5237739.482,5239139.52
pkt_len_max,38176,0.9994,0.9994,1,0,0.782,593.515,594.017
fwd_bytes,38176,0.9994,0.9994,0,0,1.0182,644.7,644.65
idle_mean,38176,0.9999,0.9999,5,0,0.0,4731439.763,4732505.433
cwr_cnt,38176,1.0,1.0,0,0,,0.0,0.0
syn_cnt,38176,1.0,1.0,0,0,,0.683,0.683
urg_cnt,38176,1.0,1.0,0,0,,0.0,0.0
ece_cnt,38176,1.0,1.0,0,0,,0.0,0.0
pkt_len_min,38176,1.0,1.0,0,0,,27.899,27.899
fwd_init_win,38176,1.0,1.0,0,0,,7939.417,7939.417
