tag,series,scenario,family,windows,background,roc_auc,lo_b20,hi_b20,dropped_b20,lo_b10,hi_b10,dropped_b10,lo_b40,hi_b40,dropped_b40
e25b,s42,s01,Neris,737,157,0.9417,0.8366,0.9956,2,0.8696,0.9845,0,0.8286,0.9986,16
e25b,s43,s01,Neris,737,157,0.6644,0.3619,0.8608,2,0.4592,0.8172,0,0.2717,0.9019,16
e25b,s44,s01,Neris,737,157,0.7613,0.4829,0.9368,2,0.5812,0.8996,0,0.4207,0.9702,16
e25b,WM mean of seeds,s01,Neris,737,157,0.7088,0.401,0.9116,2,0.5025,0.8658,0,0.3154,0.9493,16
e25b,LR,s01,Neris,737,157,0.6135,0.3706,0.8436,2,0.4197,0.7711,0,0.29,0.9309,16
e25b,s42,s02,Neris,505,78,0.5971,0.2844,0.7975,24,0.3603,0.7424,0,0.2282,0.9762,210
e25b,s43,s02,Neris,505,78,0.4253,0.0474,0.6772,24,0.1183,0.6414,0,0.093,0.8578,210
e25b,s44,s02,Neris,505,78,0.4129,0.0556,0.6693,24,0.11,0.6386,0,0.053,0.87,210
e25b,WM mean of seeds,s02,Neris,505,78,0.4241,0.0489,0.6905,24,0.1149,0.6434,0,0.0793,0.9162,210
e25b,LR,s02,Neris,505,78,0.5712,0.2833,0.8266,24,0.3306,0.75,0,0.3295,0.9606,210
e25b,s42,s03,Rbot,8019,6477,0.7137,0.6598,0.7602,0,0.6701,0.7522,0,0.656,0.7636,0
e25b,s43,s03,Rbot,8019,6477,0.6947,0.6393,0.7426,0,0.6495,0.7366,0,0.6326,0.7462,0
e25b,s44,s03,Rbot,8019,6477,0.6324,0.5756,0.6901,0,0.587,0.6773,0,0.5591,0.6956,0
e25b,WM mean of seeds,s03,Rbot,8019,6477,0.7014,0.6459,0.749,0,0.6556,0.743,0,0.641,0.7515,0
e25b,LR,s03,Rbot,8019,6477,0.5196,0.4782,0.5556,0,0.4867,0.5544,0,0.4726,0.5645,0
e25b,s42,s04,Rbot,539,285,0.5954,0.4295,0.8029,0,0.4532,0.7548,0,0.3958,0.8609,0
e25b,s43,s04,Rbot,539,285,0.7124,0.5281,0.8661,0,0.5784,0.836,0,0.4825,0.8657,0
e25b,s44,s04,Rbot,539,285,0.5417,0.3724,0.7436,0,0.3981,0.7037,0,0.3525,0.8175,0
e25b,WM mean of seeds,s04,Rbot,539,285,0.6032,0.4242,0.7839,0,0.4627,0.7476,0,0.3845,0.8409,0
e25b,LR,s04,Rbot,539,285,0.6718,0.5103,0.7883,0,0.5477,0.7674,0,0.4459,0.7824,0
e25b,s42,s05,Virut,61,10,0.8471,0.5333,1.0,745,0.5091,1.0,476,0.5254,0.9667,682
e25b,s43,s05,Virut,61,10,0.8569,0.15,1.0,745,0.2167,1.0,476,0.15,1.0,682
e25b,s44,s05,Virut,61,10,0.8863,0.2725,1.0,745,0.3397,1.0,476,0.2333,1.0,682
e25b,WM mean of seeds,s05,Virut,61,10,0.8784,0.2333,1.0,745,0.3305,1.0,476,0.2333,1.0,682
e25b,LR,s05,Virut,61,10,0.5118,0.0333,1.0,745,0.1167,1.0,476,0.2069,1.0,682
e25b,s42,s06,Menti,260,6,0.7703,0.2432,0.9818,1279,0.2556,0.9844,871,0.3009,0.9818,1560
e25b,s43,s06,Menti,260,6,0.6975,0.0659,0.9922,1279,0.0773,0.9922,871,0.0775,0.9923,1560
e25b,s44,s06,Menti,260,6,0.7769,0.3236,0.9424,1279,0.3643,0.9803,871,0.372,0.9382,1560
e25b,WM mean of seeds,s06,Menti,260,6,0.7008,0.1066,0.9614,1279,0.1158,0.9812,871,0.1197,0.9614,1560
e25b,LR,s06,Menti,260,6,0.9849,0.9228,1.0,1279,0.9189,1.0,871,0.9151,1.0,1560
e25b,s42,s07,Sogou,44,26,0.015,0.0,0.1081,42,0.0,0.0829,51,0.0145,0.0171,0
e25b,s43,s07,Sogou,44,26,0.156,0.0,0.4636,42,0.0,0.3445,51,0.0812,0.2314,0
e25b,s44,s07,Sogou,44,26,0.1774,0.0,0.4288,42,0.0,0.3227,51,0.0769,0.2665,0
e25b,WM mean of seeds,s07,Sogou,44,26,0.0962,0.0,0.4015,42,0.0,0.2683,51,0.0726,0.1384,0
e25b,LR,s07,Sogou,44,26,0.7372,0.2149,0.8501,42,0.2717,0.9826,51,0.6529,0.8077,0
e25b,s42,s08,Murlo,2339,89,0.2036,0.1055,0.3479,0,0.1163,0.3046,0,0.0776,0.3549,52
e25b,s43,s08,Murlo,2339,89,0.1372,0.0589,0.2123,0,0.0723,0.1938,0,0.0222,0.2247,52
e25b,s44,s08,Murlo,2339,89,0.1565,0.0597,0.3122,0,0.0716,0.2651,0,0.0391,0.3186,52
e25b,WM mean of seeds,s08,Murlo,2339,89,0.1548,0.066,0.2723,0,0.0796,0.2405,0,0.0485,0.276,52
e25b,LR,s08,Murlo,2339,89,0.5896,0.5046,0.655,0,0.5028,0.6704,0,0.4948,0.6538,52
e25b,s42,s09,Neris,677,295,0.6077,0.3924,0.7675,0,0.4682,0.7426,0,0.3256,0.8137,0
e25b,s43,s09,Neris,677,295,0.8581,0.7246,0.9497,0,0.7603,0.9346,0,0.6983,0.9656,0
e25b,s44,s09,Neris,677,295,0.9312,0.8508,0.992,0,0.8722,0.9803,0,0.8139,0.9973,0
e25b,WM mean of seeds,s09,Neris,677,295,0.8596,0.7356,0.9528,0,0.774,0.9365,0,0.6975,0.9689,0
e25b,LR,s09,Neris,677,295,0.9242,0.8409,0.9812,0,0.8651,0.9705,0,0.7987,0.9906,0
e25b,s42,s10,Rbot,618,466,0.671,0.5048,0.8631,0,0.5164,0.8314,0,0.552,0.8772,0
e25b,s43,s10,Rbot,618,466,0.6674,0.5153,0.8525,0,0.5232,0.8112,0,0.5335,0.8659,0
e25b,s44,s10,Rbot,618,466,0.6522,0.5032,0.8161,0,0.5113,0.7937,0,0.5509,0.8309,0
e25b,WM mean of seeds,s10,Rbot,618,466,0.6862,0.5291,0.8659,0,0.533,0.833,0,0.5712,0.8777,0
e25b,LR,s10,Rbot,618,466,0.5314,0.4145,0.6498,0,0.4346,0.6335,0,0.4187,0.6601,0
e25b,s42,s11,Rbot,34,20,0.0821,0.0,0.1731,0,0.0,0.2276,13,0.0821,0.0821,0
e25b,s43,s11,Rbot,34,20,0.0536,0.0192,0.1548,0,0.0,0.1789,13,0.0536,0.0536,0
e25b,s44,s11,Rbot,34,20,0.0536,0.0,0.1323,0,0.0,0.1724,13,0.0536,0.0536,0
e25b,WM mean of seeds,s11,Rbot,34,20,0.0393,0.0,0.0962,0,0.0,0.1333,13,0.0393,0.0393,0
e25b,LR,s11,Rbot,34,20,0.5179,0.4229,0.6441,0,0.4229,0.6561,13,0.5179,0.5179,0
e25b,s42,s12,NSIS.ay,208,72,0.9852,0.9847,1.0,13,0.9794,1.0,1,0.9873,1.0,72
e25b,s43,s12,NSIS.ay,208,72,0.9787,0.9743,1.0,13,0.9664,1.0,1,0.9736,1.0,72
e25b,s44,s12,NSIS.ay,208,72,0.9848,0.9777,1.0,13,0.9745,1.0,1,0.976,1.0,72
e25b,WM mean of seeds,s12,NSIS.ay,208,72,0.9847,0.9796,1.0,13,0.9758,1.0,1,0.9797,1.0,72
e25b,LR,s12,NSIS.ay,208,72,0.9574,0.8443,1.0,13,0.8823,1.0,1,0.7973,1.0,72
e25b,s42,s13,Virut,1967,9,0.4389,0.3319,0.5153,1262,0.3576,0.4887,835,0.2908,0.5408,1603
e25b,s43,s13,Virut,1967,9,0.3017,0.218,0.3886,1262,0.2404,0.3624,835,0.1844,0.4201,1603
e25b,s44,s13,Virut,1967,9,0.3131,0.2188,0.3898,1262,0.2426,0.3628,835,0.1952,0.4133,1603
e25b,WM mean of seeds,s13,Virut,1967,9,0.3206,0.2237,0.397,1262,0.2512,0.3704,835,0.1868,0.4254,1603
e25b,LR,s13,Virut,1967,9,0.9911,0.9729,0.9939,1262,0.9733,0.9937,835,0.973,0.9945,1603
