scenario,seed,roc_G,roc_H,delta,delta_lo,delta_hi
s01,42,0.9455,0.8556,-0.0899,-0.2542,0.0221
s01,43,0.6531,0.8503,0.1972,0.0856,0.3654
s01,44,0.7753,0.8861,0.1108,0.0077,0.2807
s02,42,0.6019,0.5682,-0.0337,-0.24,0.1853
s02,43,0.3927,0.5596,0.1669,0.0408,0.3745
s02,44,0.4235,0.4753,0.0518,-0.0462,0.3038
s03,42,0.7159,0.6726,-0.0433,-0.091,0.0076
s03,43,0.6956,0.6763,-0.0193,-0.0495,0.0145
s03,44,0.6293,0.7253,0.096,0.0526,0.1459
s04,42,0.5922,0.8089,0.2167,0.0333,0.3822
s04,43,0.7056,0.7566,0.051,-0.108,0.225
s04,44,0.5451,0.7843,0.2392,0.0249,0.4234
s05,42,0.9118,0.498,-0.4138,-1.0,0.4492
s05,43,0.8059,0.7745,-0.0314,-0.1102,0.25
s05,44,0.8706,0.3314,-0.5392,-1.0,0.6356
s06,42,0.7802,0.6778,-0.1024,-0.3124,-0.0156
s06,43,0.7028,0.6693,-0.0335,-0.3872,0.3787
s06,44,0.8327,0.6713,-0.1614,-0.593,-0.0193
s07,42,0.0876,0.094,0.0064,-0.2474,0.0125
s07,43,0.1026,0.547,0.4444,0.0,0.631
s07,44,0.0791,0.5833,0.5042,0.0163,0.714
s08,42,0.2779,0.2031,-0.0748,-0.1765,0.0134
s08,43,0.1284,0.1452,0.0168,-0.0585,0.1008
s08,44,0.1571,0.1746,0.0175,-0.0442,0.0668
s09,42,0.6361,0.93,0.2939,0.1556,0.4996
s09,43,0.8795,0.8284,-0.0511,-0.1119,0.016
s09,44,0.9358,0.9351,-0.0007,-0.0265,0.0186
s10,42,0.6775,0.4679,-0.2096,-0.4444,-0.0395
s10,43,0.6736,0.4537,-0.2199,-0.4732,-0.0104
s10,44,0.6666,0.3998,-0.2668,-0.446,-0.1246
s11,42,0.0321,0.0571,0.025,0.0167,0.1244
s11,43,0.2179,0.0714,-0.1465,-0.6708,0.1827
s11,44,0.0536,0.0214,-0.0322,-0.1058,0.0167
s12,42,0.9861,0.99,0.0039,-0.0012,0.0223
s12,43,0.9812,0.9355,-0.0457,-0.0676,0.0036
s12,44,0.9866,0.9798,-0.0068,-0.0113,0.0068
s13,42,0.4233,0.472,0.0487,-0.0626,0.1283
s13,43,0.2989,0.3614,0.0625,-0.0226,0.1416
s13,44,0.3065,0.9185,0.612,0.5188,0.6827
