test_day,epoch,total,recon,kl,kl_raw,stage,compromise,imagine_compromise,imagine_stage,imagine_recon,precursor,imagine_precursor,hostile_stage
neris,0,9.6042,0.4009,1.0099,0.5928,1.5347,0.843,0.8456,1.486,0.767,0.0,0.0,1.4309
neris,1,7.6999,0.3457,1.0,0.5574,1.0215,0.7518,0.756,0.95,0.6638,0.0,0.0,0.9223
neris,2,7.1157,0.3275,1.0002,0.5276,0.8609,0.71,0.7103,0.8228,0.6266,0.0,0.0,0.8382
neris,3,6.4583,0.3214,1.0016,0.6073,0.7286,0.6491,0.6444,0.6736,0.62,0.0,0.0,0.7194
neris,4,6.1058,0.3194,1.0,0.4234,0.6391,0.6245,0.6205,0.6042,0.6155,0.0,0.0,0.6192
neris,5,5.938,0.3165,1.0,0.6386,0.6158,0.6088,0.6038,0.5721,0.6132,0.0,0.0,0.5774
neris,6,5.8536,0.3144,1.0046,0.6795,0.5923,0.6069,0.5991,0.5557,0.6072,0.0,0.0,0.5484
neris,7,5.7815,0.3134,1.0,0.3739,0.5737,0.6002,0.5933,0.5394,0.6066,0.0,0.0,0.5377
rbot,0,9.005,0.4145,1.0078,0.446,1.7233,0.6299,0.6234,1.6978,0.8042,0.0,0.0,1.5802
rbot,1,7.6409,0.3964,1.0041,0.6225,1.2616,0.6054,0.6043,1.2267,0.7976,0.0,0.0,1.0462
rbot,2,6.8806,0.3437,1.0,0.3385,1.0307,0.6095,0.6083,1.0346,0.6664,0.0,0.0,0.7787
rbot,3,7.1418,0.5525,1.0,0.6465,0.9875,0.5849,0.5893,0.9752,1.0563,0.0,0.0,0.6203
rbot,4,6.2356,0.3522,1.0015,0.5206,0.9326,0.5517,0.5417,0.9302,0.6862,0.0,0.0,0.5701
rbot,5,6.7825,0.5549,1.0,0.6604,0.915,0.5496,0.5527,0.926,1.0517,0.0,0.0,0.5407
rbot,6,5.7291,0.3553,1.0029,0.4348,0.7424,0.5246,0.5211,0.7607,0.6901,0.0,0.0,0.4469
rbot,7,5.6412,0.3609,1.0,0.7728,0.7086,0.5163,0.5125,0.7177,0.6919,0.0,0.0,0.451
rbot,8,6.0279,0.3545,1.0015,0.4734,0.7426,0.5587,0.5658,0.7735,0.6843,0.0,0.0,0.5442
rbot,9,5.5467,0.3462,1.0,0.309,0.6792,0.5171,0.5139,0.7146,0.6711,0.0,0.0,0.4168
rbot,10,5.9817,0.5554,1.0,0.311,0.6262,0.5081,0.5047,0.6604,1.0498,0.0,0.0,0.3898
rbot,11,5.423,0.3446,1.0,0.2948,0.6277,0.5059,0.5069,0.6568,0.6662,0.0,0.0,0.4236
rbot,12,5.4938,0.3442,1.0,0.323,0.6121,0.5274,0.5247,0.6541,0.6652,0.0,0.0,0.4163
rbot,13,5.3643,0.348,1.0,0.3269,0.5976,0.5082,0.5026,0.6202,0.6716,0.0,0.0,0.4128
rbot,14,5.435,0.3448,1.0,0.3324,0.5746,0.5266,0.5228,0.6292,0.6659,0.0,0.0,0.4137
virut,0,10.2679,0.4095,1.0155,0.5202,1.6014,0.9316,0.9342,1.5669,0.7852,0.0,0.0,1.5148
virut,1,8.0444,0.3502,1.0018,0.6108,1.0729,0.7981,0.796,1.0206,0.6714,0.0,0.0,0.9546
virut,2,7.0533,0.3302,1.0011,0.6702,0.8319,0.7222,0.7253,0.7714,0.6349,0.0,0.0,0.7496
virut,3,6.3982,0.3198,1.001,0.5594,0.6825,0.6658,0.6626,0.6254,0.6164,0.0,0.0,0.6471
virut,4,6.0945,0.3191,1.0,0.3335,0.6147,0.6433,0.643,0.5726,0.6131,0.0,0.0,0.5458
virut,5,5.9614,0.3124,1.0,0.4772,0.5904,0.6332,0.6299,0.5515,0.601,0.0,0.0,0.5257
virut,6,5.9314,0.3192,1.0017,0.646,0.5738,0.6294,0.6224,0.5393,0.6152,0.0,0.0,0.5267
virut,7,5.7957,0.3096,1.0,0.6492,0.5618,0.6194,0.6121,0.524,0.5985,0.0,0.0,0.4888
menti,0,9.4485,0.3986,1.0121,0.645,1.4487,0.8401,0.8429,1.3989,0.768,0.0,0.0,1.4188
menti,1,7.7153,0.3286,1.0028,0.6285,1.0167,0.755,0.7635,0.9584,0.6345,0.0,0.0,0.9544
menti,2,6.8883,0.3155,1.0,0.5935,0.8383,0.7038,0.7011,0.8025,0.6075,0.0,0.0,0.7149
menti,3,6.5889,0.3147,1.0015,0.6009,0.7476,0.6691,0.6712,0.7218,0.6075,0.0,0.0,0.7059
menti,4,6.1218,0.3171,1.0,0.5292,0.6516,0.6349,0.6327,0.62,0.6135,0.0,0.0,0.5618
menti,5,5.9714,0.3153,1.0016,0.6832,0.6073,0.6182,0.6115,0.5809,0.6106,0.0,0.0,0.576
menti,6,5.9004,0.3154,1.0,0.5057,0.6072,0.6113,0.6051,0.5721,0.6116,0.0,0.0,0.5421
sogou,0,9.4395,0.3989,1.0081,0.5868,1.4679,0.8415,0.8402,1.4366,0.7641,0.0,0.0,1.3827
sogou,1,7.4652,0.3312,1.0011,0.6297,0.9645,0.7426,0.7385,0.919,0.6395,0.0,0.0,0.8692
sogou,2,6.8027,0.3145,1.0004,0.5196,0.8084,0.6881,0.6913,0.7916,0.6068,0.0,0.0,0.727
sogou,3,6.2842,0.3193,1.0002,0.5019,0.6982,0.6362,0.6314,0.6638,0.6145,0.0,0.0,0.6534
sogou,4,6.075,0.3168,1.0,0.5833,0.6327,0.6273,0.6265,0.6106,0.6127,0.0,0.0,0.5735
sogou,5,5.8554,0.3106,1.0049,0.605,0.6021,0.606,0.5992,0.5676,0.601,0.0,0.0,0.5458
sogou,6,5.7772,0.3122,1.0,0.5827,0.5772,0.6006,0.5927,0.545,0.6052,0.0,0.0,0.5308
murlo,0,9.9434,0.3972,1.006,0.6338,1.5306,0.9081,0.9081,1.5,0.763,0.0,0.0,1.4592
murlo,1,7.8533,0.3332,1.0009,0.6718,1.023,0.7841,0.7824,0.9721,0.6405,0.0,0.0,0.9545
murlo,2,7.0936,0.3163,1.001,0.6091,0.8595,0.7212,0.713,0.8093,0.6091,0.0,0.0,0.8222
murlo,3,6.5805,0.3247,1.0004,0.5193,0.7287,0.6742,0.6662,0.6823,0.625,0.0,0.0,0.7138
murlo,4,6.2541,0.3135,1.0,0.5448,0.6578,0.6477,0.6387,0.6286,0.6041,0.0,0.0,0.653
murlo,5,6.1687,0.316,1.0027,0.6549,0.6343,0.6416,0.6318,0.6085,0.6109,0.0,0.0,0.6234
murlo,6,6.0919,0.3117,1.0,0.2983,0.6228,0.6301,0.6221,0.5984,0.6028,0.0,0.0,0.6291
murlo,7,6.0021,0.3111,1.0,0.3174,0.6046,0.6246,0.6163,0.5782,0.6015,0.0,0.0,0.5977
nsis,0,9.6391,0.3925,1.0094,0.6453,1.5353,0.8502,0.8518,1.4684,0.7593,0.0,0.0,1.4575
nsis,1,7.6002,0.3164,1.0001,0.6292,1.0127,0.7486,0.7451,0.9466,0.6143,0.0,0.0,0.951
nsis,2,6.8687,0.3083,1.0013,0.4889,0.8279,0.6904,0.6892,0.7973,0.5972,0.0,0.0,0.7876
nsis,3,6.3647,0.3121,1.0048,0.4851,0.7066,0.655,0.647,0.6772,0.6116,0.0,0.0,0.6424
nsis,4,6.1244,0.3112,1.0,0.4003,0.6294,0.6378,0.6331,0.5963,0.6083,0.0,0.0,0.6027
nsis,5,5.9793,0.3173,1.0,0.5877,0.6157,0.6089,0.6043,0.5744,0.6288,0.0,0.0,0.5997
nsis,6,5.9012,0.3096,1.0062,0.7179,0.6031,0.6157,0.6065,0.5719,0.6072,0.0,0.0,0.5411
