slice,start,last_window,windows,peak_p
thursday_infiltration,2017-07-06T17:00:00Z,2017-07-06T17:00:30Z,2,0.0238
thursday_infiltration,2017-07-06T17:05:00Z,2017-07-06T17:05:30Z,2,0.0884
thursday_infiltration,2017-07-06T17:07:30Z,2017-07-06T17:08:00Z,2,0.0323
thursday_infiltration,2017-07-06T17:10:30Z,2017-07-06T17:11:00Z,2,0.0338
thursday_infiltration,2017-07-06T17:33:00Z,2017-07-06T17:34:00Z,3,0.0267
thursday_infiltration,2017-07-06T17:43:30Z,2017-07-06T17:43:30Z,1,0.0141
thursday_infiltration,2017-07-06T17:47:00Z,2017-07-06T17:47:00Z,1,0.011
thursday_infiltration,2017-07-06T17:48:00Z,2017-07-06T17:48:00Z,1,0.0155
thursday_infiltration,2017-07-06T18:06:30Z,2017-07-06T18:07:00Z,2,0.0278
thursday_infiltration,2017-07-06T18:08:00Z,2017-07-06T18:33:00Z,51,0.2166
thursday_infiltration,2017-07-06T18:34:30Z,2017-07-06T18:35:00Z,2,0.2289
thursday_infiltration,2017-07-06T18:36:30Z,2017-07-06T18:37:00Z,2,0.1953
thursday_infiltration,2017-07-06T18:39:00Z,2017-07-06T18:41:00Z,5,0.2006
thursday_infiltration,2017-07-06T18:44:00Z,2017-07-06T18:44:30Z,2,0.2001
friday_botnet_c2,2017-07-07T12:55:30Z,2017-07-07T13:02:30Z,15,0.043
friday_botnet_c2,2017-07-07T13:04:00Z,2017-07-07T13:05:00Z,3,0.0584
friday_botnet_c2,2017-07-07T13:14:00Z,2017-07-07T13:21:30Z,16,0.3757
friday_botnet_c2,2017-07-07T13:45:30Z,2017-07-07T13:46:30Z,3,0.0997
friday_botnet_c2,2017-07-07T13:56:30Z,2017-07-07T14:00:00Z,8,0.9209
friday_botnet_c2,2017-07-07T14:01:30Z,2017-07-07T14:03:30Z,5,0.8834
friday_scan_to_ddos,2017-07-07T16:54:30Z,2017-07-07T17:00:30Z,13,0.4395
friday_scan_to_ddos,2017-07-07T17:17:00Z,2017-07-07T17:17:00Z,1,0.2471
friday_scan_to_ddos,2017-07-07T17:18:00Z,2017-07-07T17:20:30Z,6,0.7485
friday_scan_to_ddos,2017-07-07T17:51:00Z,2017-07-07T17:59:30Z,18,0.9872
friday_scan_to_ddos,2017-07-07T18:00:30Z,2017-07-07T18:00:30Z,1,0.7474
friday_scan_to_ddos,2017-07-07T18:01:30Z,2017-07-07T18:02:00Z,2,0.9829
friday_scan_to_ddos,2017-07-07T18:08:00Z,2017-07-07T18:15:30Z,16,0.9883
friday_scan_to_ddos,2017-07-07T18:23:30Z,2017-07-07T18:28:30Z,11,0.9891
friday_scan_to_ddos,2017-07-07T19:23:30Z,2017-07-07T19:29:00Z,12,0.9895
