statistic,threshold_mode,episode_set,folds,warned_early,episodes,folds_exceeding_null_p95,fisher_chi2,fisher_p
feature:fanout_mean,self-budget-10pct,attack,2,2,16,0,1.18,0.88131
feature:fanout_mean,self-budget-10pct,attack_no_impact,2,2,15,0,1.471,0.83179
feature:fanout_mean,self-budget-10pct,compromise,2,1,5,0,2.993,0.55898
feature:fanout_mean,self-budget-2pct,attack,2,0,16,0,-0.0,1.0
feature:fanout_mean,self-budget-2pct,attack_no_impact,2,0,15,0,-0.0,1.0
feature:fanout_mean,self-budget-2pct,compromise,2,0,5,0,-0.0,1.0
feature:fanout_mean,self-budget-5pct,attack,2,0,16,0,-0.0,1.0
feature:fanout_mean,self-budget-5pct,attack_no_impact,2,0,15,0,-0.0,1.0
feature:fanout_mean,self-budget-5pct,compromise,2,0,5,0,-0.0,1.0
feature:uniq_dst_ip,self-budget-10pct,attack,2,2,16,0,0.367,0.98512
feature:uniq_dst_ip,self-budget-10pct,attack_no_impact,2,2,15,0,0.489,0.97454
feature:uniq_dst_ip,self-budget-10pct,compromise,2,1,5,0,2.884,0.57734
feature:uniq_dst_ip,self-budget-2pct,attack,2,0,16,0,-0.0,1.0
feature:uniq_dst_ip,self-budget-2pct,attack_no_impact,2,0,15,0,-0.0,1.0
feature:uniq_dst_ip,self-budget-2pct,compromise,2,0,5,0,-0.0,1.0
feature:uniq_dst_ip,self-budget-5pct,attack,2,0,16,0,-0.0,1.0
feature:uniq_dst_ip,self-budget-5pct,attack_no_impact,2,0,15,0,-0.0,1.0
feature:uniq_dst_ip,self-budget-5pct,compromise,2,0,5,0,-0.0,1.0
feature:uniq_dst_port,self-budget-10pct,attack,2,1,16,0,0.733,0.94721
feature:uniq_dst_port,self-budget-10pct,attack_no_impact,2,1,15,0,0.79,0.93979
feature:uniq_dst_port,self-budget-10pct,compromise,2,0,5,0,-0.0,1.0
feature:uniq_dst_port,self-budget-2pct,attack,2,0,16,0,-0.0,1.0
feature:uniq_dst_port,self-budget-2pct,attack_no_impact,2,0,15,0,-0.0,1.0
feature:uniq_dst_port,self-budget-2pct,compromise,2,0,5,0,-0.0,1.0
feature:uniq_dst_port,self-budget-5pct,attack,2,0,16,0,-0.0,1.0
feature:uniq_dst_port,self-budget-5pct,attack_no_impact,2,0,15,0,-0.0,1.0
feature:uniq_dst_port,self-budget-5pct,compromise,2,0,5,0,-0.0,1.0
p_max,alert-budget-5pct,attack,2,2,16,0,1.877,0.75845
p_max,alert-budget-5pct,attack_no_impact,2,2,15,0,2.231,0.69341
p_max,alert-budget-5pct,compromise,2,0,5,0,-0.0,1.0
p_max,oracle,attack,2,8,16,0,4.303,0.36656
p_max,oracle,attack_no_impact,2,7,15,0,3.699,0.44833
p_max,oracle,compromise,2,2,5,0,2.971,0.56266
p_max,self-budget-10pct,attack,2,2,16,0,2.283,0.68382
p_max,self-budget-10pct,attack_no_impact,2,2,15,0,2.661,0.61613
p_max,self-budget-10pct,compromise,2,0,5,0,-0.0,1.0
p_max,self-budget-2pct,attack,2,0,16,0,-0.0,1.0
p_max,self-budget-2pct,attack_no_impact,2,0,15,0,-0.0,1.0
p_max,self-budget-2pct,compromise,2,0,5,0,-0.0,1.0
p_max,self-budget-5pct,attack,2,0,16,0,-0.0,1.0
p_max,self-budget-5pct,attack_no_impact,2,0,15,0,-0.0,1.0
p_max,self-budget-5pct,compromise,2,0,5,0,-0.0,1.0
p_max,train-tuned,attack,2,2,16,0,2.334,0.67459
p_max,train-tuned,attack_no_impact,2,2,15,0,2.734,0.60332
p_max,train-tuned,compromise,2,0,5,0,-0.0,1.0
