run,test_day,policy,causal,primary,alarm_rate,precision,recall,f1,fpr,tp,fp,fn,warned_early,episodes
e4e7-worldmodel-r2,thursday,whole-capture-10pct,False,False,0.1008,0.7755,0.4578,0.5758,0.0273,76,22,90,0,4
e4e7-worldmodel-r2,thursday,expanding-10pct,True,True,0.1677,0.6135,0.6024,0.6079,0.0782,100,63,66,2,4
e4e7-worldmodel-r2,thursday,trailing120-10pct,True,False,0.1348,0.3969,0.3133,0.3502,0.098,52,79,114,0,4
e4e7-worldmodel-r2,thursday,trailing60-10pct,True,False,0.1605,0.3077,0.2892,0.2981,0.134,48,108,118,0,4
e4e7-worldmodel-r2,thursday,expanding-5pct,True,False,0.1307,0.6614,0.506,0.5734,0.0533,84,43,82,1,4
e4e7-worldmodel-r2,thursday,train-quantile-5pct,True,False,0.0,0.0,0.0,0.0,0.0,0,0,166,0,4
e4e7-worldmodel-r2,friday,whole-capture-10pct,False,False,0.1002,0.0,0.0,0.0,0.1153,0,97,127,0,1
e4e7-worldmodel-r2,friday,expanding-10pct,True,True,0.1736,0.0536,0.0709,0.061,0.1891,9,159,118,0,1
e4e7-worldmodel-r2,friday,trailing120-10pct,True,False,0.1374,0.1955,0.2047,0.2,0.1272,26,107,101,0,1
e4e7-worldmodel-r2,friday,trailing60-10pct,True,False,0.1653,0.225,0.2835,0.2509,0.1474,36,124,91,1,1
e4e7-worldmodel-r2,friday,expanding-5pct,True,False,0.1043,0.0,0.0,0.0,0.1201,0,101,127,0,1
e4e7-worldmodel-r2,friday,train-quantile-5pct,True,False,0.1312,0.0,0.0,0.0,0.151,0,127,127,0,1
e10-full-s42,thursday,whole-capture-10pct,False,False,0.1008,0.7653,0.4518,0.5682,0.0285,75,23,91,0,4
e10-full-s42,thursday,expanding-10pct,True,True,0.1677,0.6135,0.6024,0.6079,0.0782,100,63,66,2,4
e10-full-s42,thursday,trailing120-10pct,True,False,0.1348,0.3969,0.3133,0.3502,0.098,52,79,114,0,4
e10-full-s42,thursday,trailing60-10pct,True,False,0.1605,0.3077,0.2892,0.2981,0.134,48,108,118,0,4
e10-full-s42,thursday,expanding-5pct,True,False,0.1317,0.6562,0.506,0.5714,0.0546,84,44,82,1,4
e10-full-s42,thursday,train-quantile-5pct,True,False,0.0,0.0,0.0,0.0,0.0,0,0,166,0,4
e10-full-s42,friday,whole-capture-10pct,False,False,0.1002,0.0,0.0,0.0,0.1153,0,97,127,0,1
e10-full-s42,friday,expanding-10pct,True,True,0.1746,0.0533,0.0709,0.0608,0.1902,9,160,118,0,1
e10-full-s42,friday,trailing120-10pct,True,False,0.1374,0.1955,0.2047,0.2,0.1272,26,107,101,0,1
e10-full-s42,friday,trailing60-10pct,True,False,0.1653,0.225,0.2835,0.2509,0.1474,36,124,91,1,1
e10-full-s42,friday,expanding-5pct,True,False,0.1043,0.0,0.0,0.0,0.1201,0,101,127,0,1
e10-full-s42,friday,train-quantile-5pct,True,False,0.1312,0.0,0.0,0.0,0.151,0,127,127,0,1
e10-full-s43,thursday,whole-capture-10pct,False,False,0.1008,0.5816,0.3434,0.4318,0.0509,57,41,109,0,4
e10-full-s43,thursday,expanding-10pct,True,True,0.1615,0.535,0.506,0.5201,0.0906,84,73,82,0,4
e10-full-s43,thursday,trailing120-10pct,True,False,0.1646,0.3563,0.3434,0.3497,0.1278,57,103,109,0,4
e10-full-s43,thursday,trailing60-10pct,True,False,0.1831,0.2472,0.2651,0.2558,0.1663,44,134,122,0,4
e10-full-s43,thursday,expanding-5pct,True,False,0.1183,0.5478,0.3795,0.4484,0.0645,63,52,103,0,4
e10-full-s43,thursday,train-quantile-5pct,True,False,0.0082,0.0,0.0,0.0,0.0099,0,8,166,0,4
e10-full-s43,friday,whole-capture-10pct,False,False,0.1002,0.0,0.0,0.0,0.1153,0,97,127,0,1
e10-full-s43,friday,expanding-10pct,True,True,0.1632,0.0127,0.0157,0.014,0.1855,2,156,125,0,1
e10-full-s43,friday,trailing120-10pct,True,False,0.1105,0.1495,0.126,0.1368,0.1082,16,91,111,1,1
e10-full-s43,friday,trailing60-10pct,True,False,0.1291,0.216,0.2126,0.2143,0.1165,27,98,100,1,1
e10-full-s43,friday,expanding-5pct,True,False,0.1074,0.0,0.0,0.0,0.1237,0,104,127,0,1
e10-full-s43,friday,train-quantile-5pct,True,False,0.1322,0.0,0.0,0.0,0.1522,0,128,127,0,1
e10-full-s44,thursday,whole-capture-10pct,False,False,0.1008,0.6327,0.3735,0.4697,0.0447,62,36,104,0,4
e10-full-s44,thursday,expanding-10pct,True,True,0.1327,0.6434,0.5,0.5627,0.0571,83,46,83,1,4
e10-full-s44,thursday,trailing120-10pct,True,False,0.1307,0.3622,0.2771,0.314,0.1005,46,81,120,1,4
e10-full-s44,thursday,trailing60-10pct,True,False,0.1687,0.1829,0.1807,0.1818,0.1663,30,134,136,1,4
e10-full-s44,thursday,expanding-5pct,True,False,0.0648,0.4127,0.1566,0.2271,0.0459,26,37,140,0,4
e10-full-s44,thursday,train-quantile-5pct,True,False,0.0051,0.0,0.0,0.0,0.0062,0,5,166,0,4
e10-full-s44,friday,whole-capture-10pct,False,False,0.1002,0.0,0.0,0.0,0.1153,0,97,127,0,1
e10-full-s44,friday,expanding-10pct,True,True,0.2025,0.0204,0.0315,0.0248,0.2283,4,192,123,0,1
e10-full-s44,friday,trailing120-10pct,True,False,0.1384,0.1418,0.1496,0.1456,0.1367,19,115,108,0,1
e10-full-s44,friday,trailing60-10pct,True,False,0.1901,0.1957,0.2835,0.2315,0.176,36,148,91,1,1
e10-full-s44,friday,expanding-5pct,True,False,0.1312,0.0,0.0,0.0,0.151,0,127,127,0,1
e10-full-s44,friday,train-quantile-5pct,True,False,0.1694,0.0,0.0,0.0,0.195,0,164,127,0,1
