family,scenario,windows,base_rate,wm_roc_mean,wm_roc_min,wm_roc_max,wm_pr_mean,wm_f1_mean,wm_s2_mean,s2_cells,wm_s3,lr_roc_auc,lr_pr_auc,lr_causal_f1,lr_s2_star,lr_s3
Menti,s06,260,0.977,0.748,0.698,0.777,0.99,0.573,,10,0/2 p=1.000 | 0/2 p=1.000 | 0/2 p=1.000,0.985,1.0,0.412,,0/2 p=1.000
Murlo,s08,2339,0.962,0.166,0.137,0.204,0.919,0.169,0.491,54,1/6 p=0.473 | 0/6 p=1.000 | 1/6 p=0.560,0.59,0.974,0.278,0.632,2/6 p=0.318
NSIS.ay,s12,208,0.654,0.983,0.979,0.985,0.99,0.651,,16,1/2 p=0.458 | 2/2 p=0.184 | 1/2 p=0.650,0.957,0.952,0.378,,1/2 p=0.727
Neris,s01,737,0.787,0.789,0.664,0.942,0.898,0.212,,16,0/1 p=1.000 | 0/1 p=1.000 | 0/1 p=1.000,0.614,0.785,0.132,,0/1 p=1.000
Neris,s02,505,0.846,0.478,0.413,0.597,0.826,0.19,0.605,30,0/2 p=1.000 | 0/2 p=1.000 | 0/2 p=1.000,0.571,0.853,0.213,0.242,0/2 p=1.000
Neris,s09,677,0.564,0.799,0.608,0.931,0.84,0.431,0.776,62,2/4 p=0.536 | 1/4 p=0.846 | 3/4 p=0.697,0.924,0.954,0.641,0.56,0/4 p=1.000
Rbot,s03,8019,0.192,0.68,0.632,0.714,0.371,0.398,0.455,892,9/58 p=0.265 | 12/58 p=0.146 | 8/58 p=0.542,0.52,0.191,0.115,0.491,16/58 p=0.257
Rbot,s04,539,0.471,0.616,0.542,0.712,0.623,0.282,0.803,197,3/15 p=0.627 | 3/15 p=0.944 | 3/15 p=0.384,0.672,0.68,0.395,0.546,5/15 p=0.833
Rbot,s10,618,0.246,0.664,0.652,0.671,0.4,0.364,0.616,216,8/17 p=0.059 | 3/17 p=0.826 | 5/17 p=0.245,0.531,0.243,0.129,0.521,4/17 p=0.723
Rbot,s11,34,0.412,0.063,0.054,0.082,0.264,0.0,,0,0/1 p=1.000 | 0/1 p=1.000 | 0/1 p=1.000,0.518,0.421,0.0,,0/1 p=1.000
Sogou,s07,44,0.409,0.116,0.015,0.177,0.313,0.0,,3,0/2 p=1.000 | 0/2 p=1.000 | 0/2 p=1.000,0.737,0.566,0.0,,0/2 p=1.000
Virut,s05,61,0.836,0.863,0.847,0.886,0.962,0.657,,14,0/1 p=1.000 | 0/1 p=1.000 | 0/1 p=1.000,0.512,0.853,0.0,,0/1 p=1.000
Virut,s13,1967,0.995,0.351,0.302,0.439,0.995,0.169,,2,0/1 p=1.000 | 0/1 p=1.000 | 0/1 p=1.000,0.991,1.0,0.106,,0/1 p=1.000
