model,run,scenario,family,windows,base_rate,roc_auc,pr_auc,causal_f1,s2_cells,s2_star,s3
world model,e25-ctu13-s42,s01,Neris,737,0.787,0.9417,0.9824,0.2978,16,,0/1 p=1.000
world model,e25-ctu13-s42,s02,Neris,505,0.846,0.5971,0.9054,0.3821,30,0.748,0/2 p=1.000
world model,e25-ctu13-s42,s03,Rbot,8019,0.192,0.7137,0.402,0.4084,892,0.46,9/58 p=0.265
world model,e25-ctu13-s42,s04,Rbot,539,0.471,0.5954,0.6439,0.2257,197,0.8165,3/15 p=0.627
world model,e25-ctu13-s42,s05,Virut,61,0.836,0.8471,0.9667,0.5,14,,0/1 p=1.000
world model,e25-ctu13-s42,s06,Menti,260,0.977,0.7703,0.9916,0.6561,10,,0/2 p=1.000
world model,e25-ctu13-s42,s07,Sogou,44,0.409,0.015,0.2524,0.0,3,,0/2 p=1.000
world model,e25-ctu13-s42,s08,Murlo,2339,0.962,0.2036,0.9317,0.1704,54,0.4722,1/6 p=0.473
world model,e25-ctu13-s42,s09,Neris,677,0.564,0.6077,0.7034,0.3717,62,0.7513,2/4 p=0.536
world model,e25-ctu13-s42,s10,Rbot,618,0.246,0.671,0.4209,0.4867,216,0.6656,8/17 p=0.059
world model,e25-ctu13-s42,s11,Rbot,34,0.412,0.0821,0.2677,0.0,0,,0/1 p=1.000
world model,e25-ctu13-s42,s12,NSIS.ay,208,0.654,0.9852,0.991,0.5137,16,,1/2 p=0.458
world model,e25-ctu13-s42,s13,Virut,1967,0.995,0.4389,0.9962,0.1709,2,,0/1 p=1.000
world model,e25-ctu13-s43,s01,Neris,737,0.787,0.6644,0.8321,0.1541,16,,0/1 p=1.000
world model,e25-ctu13-s43,s02,Neris,505,0.846,0.4253,0.7788,0.0651,30,0.5251,0/2 p=1.000
world model,e25-ctu13-s43,s03,Rbot,8019,0.192,0.6947,0.3842,0.4531,892,0.4394,12/58 p=0.146
world model,e25-ctu13-s43,s04,Rbot,539,0.471,0.7124,0.6274,0.3651,197,0.8206,3/15 p=0.944
world model,e25-ctu13-s43,s05,Virut,61,0.836,0.8569,0.9537,0.814,14,,0/1 p=1.000
world model,e25-ctu13-s43,s06,Menti,260,0.977,0.6975,0.9841,0.5318,10,,0/2 p=1.000
world model,e25-ctu13-s43,s07,Sogou,44,0.409,0.156,0.3206,0.0,3,,0/2 p=1.000
world model,e25-ctu13-s43,s08,Murlo,2339,0.962,0.1372,0.9119,0.179,54,0.5412,0/6 p=1.000
world model,e25-ctu13-s43,s09,Neris,677,0.564,0.8581,0.8619,0.3547,62,0.8191,1/4 p=0.846
world model,e25-ctu13-s43,s10,Rbot,618,0.246,0.6674,0.4066,0.3478,216,0.5712,3/17 p=0.826
world model,e25-ctu13-s43,s11,Rbot,34,0.412,0.0536,0.2619,0.0,0,,0/1 p=1.000
world model,e25-ctu13-s43,s12,NSIS.ay,208,0.654,0.9787,0.9877,0.8426,16,,2/2 p=0.184
world model,e25-ctu13-s43,s13,Virut,1967,0.995,0.3017,0.9945,0.1727,2,,0/1 p=1.000
world model,e25-ctu13-s44,s01,Neris,737,0.787,0.7613,0.881,0.1837,16,,0/1 p=1.000
world model,e25-ctu13-s44,s02,Neris,505,0.846,0.4129,0.7937,0.1218,30,0.5425,0/2 p=1.000
world model,e25-ctu13-s44,s03,Rbot,8019,0.192,0.6324,0.3266,0.3318,892,0.4657,8/58 p=0.542
world model,e25-ctu13-s44,s04,Rbot,539,0.471,0.5417,0.5965,0.2564,197,0.773,3/15 p=0.384
world model,e25-ctu13-s44,s05,Virut,61,0.836,0.8863,0.9668,0.6579,14,,0/1 p=1.000
world model,e25-ctu13-s44,s06,Menti,260,0.977,0.7769,0.993,0.5318,10,,0/2 p=1.000
world model,e25-ctu13-s44,s07,Sogou,44,0.409,0.1774,0.3674,0.0,3,,0/2 p=1.000
world model,e25-ctu13-s44,s08,Murlo,2339,0.962,0.1565,0.9121,0.1589,54,0.4603,1/6 p=0.560
world model,e25-ctu13-s44,s09,Neris,677,0.564,0.9312,0.956,0.5674,62,0.7581,3/4 p=0.697
world model,e25-ctu13-s44,s10,Rbot,618,0.246,0.6522,0.3739,0.2578,216,0.6118,5/17 p=0.245
world model,e25-ctu13-s44,s11,Rbot,34,0.412,0.0536,0.2616,0.0,0,,0/1 p=1.000
world model,e25-ctu13-s44,s12,NSIS.ay,208,0.654,0.9848,0.9912,0.5979,16,,1/2 p=0.650
world model,e25-ctu13-s44,s13,Virut,1967,0.995,0.3131,0.9947,0.1624,2,,0/1 p=1.000
logistic regression,lr-ctu13-s42,s01,Neris,737,0.787,0.6135,0.7852,0.1321,16,,0/1 p=1.000
logistic regression,lr-ctu13-s42,s02,Neris,505,0.846,0.5712,0.8534,0.2131,30,0.2425,0/2 p=1.000
logistic regression,lr-ctu13-s42,s03,Rbot,8019,0.192,0.5196,0.1907,0.115,892,0.4906,16/58 p=0.257
logistic regression,lr-ctu13-s42,s04,Rbot,539,0.471,0.6718,0.6804,0.3949,197,0.5458,5/15 p=0.833
logistic regression,lr-ctu13-s42,s05,Virut,61,0.836,0.5118,0.8527,0.0,14,,0/1 p=1.000
logistic regression,lr-ctu13-s42,s06,Menti,260,0.977,0.9849,0.9996,0.4125,10,,0/2 p=1.000
logistic regression,lr-ctu13-s42,s07,Sogou,44,0.409,0.7372,0.5656,0.0,3,,0/2 p=1.000
logistic regression,lr-ctu13-s42,s08,Murlo,2339,0.962,0.5896,0.9745,0.2781,54,0.6325,2/6 p=0.318
logistic regression,lr-ctu13-s42,s09,Neris,677,0.564,0.9242,0.9539,0.6407,62,0.5604,0/4 p=1.000
logistic regression,lr-ctu13-s42,s10,Rbot,618,0.246,0.5314,0.243,0.129,216,0.5208,4/17 p=0.723
logistic regression,lr-ctu13-s42,s11,Rbot,34,0.412,0.5179,0.4209,0.0,0,,0/1 p=1.000
logistic regression,lr-ctu13-s42,s12,NSIS.ay,208,0.654,0.9574,0.9523,0.3778,16,,1/2 p=0.727
logistic regression,lr-ctu13-s42,s13,Virut,1967,0.995,0.9911,1.0,0.1064,2,,0/1 p=1.000
