model,run,day,f1,precision,recall,fpr,pr_auc
E19 flow-only (r2 method),m1v2-e19-s42,thursday,0.4805194805194805,0.5211267605633803,0.4457831325301205,0.08436724565756824,0.42975400058773505
E19 flow-only (r2 method),m1v2-e19-s42,friday,0.16793893129770993,0.16296296296296298,0.1732283464566929,0.13436385255648037,0.14170000237296482
E19 flow-only (r2 method),m1v2-e19-s43,thursday,0.48888888888888893,0.5167785234899329,0.463855421686747,0.08933002481389578,0.46497987552088166
E19 flow-only (r2 method),m1v2-e19-s43,friday,0.14334470989761092,0.12650602409638553,0.16535433070866143,0.1724137931034483,0.11109006662696062
E19 flow-only (r2 method),m1v2-e19-s44,thursday,0.5732484076433121,0.6081081081081081,0.5421686746987951,0.07196029776674938,0.4068169517158039
E19 flow-only (r2 method),m1v2-e19-s44,friday,0.007547169811320754,0.007246376811594203,0.007874015748031496,0.1629013079667063,0.10819953495172027
E20r seed 42,m1v2-e20r-s42,thursday,0.5333333333333334,0.5365853658536586,0.5301204819277109,0.09429280397022333,0.4176509351340591
E20r seed 42,m1v2-e20r-s42,friday,0.2848101265822785,0.23809523809523808,0.3543307086614173,0.17122473246135553,0.16609735671983947
E20r seed 43,m1v2-e20r-s43,thursday,0.6233766233766234,0.676056338028169,0.5783132530120482,0.05707196029776675,0.5624409356780248
E20r seed 43,m1v2-e20r-s43,friday,0.02120141342756184,0.019230769230769232,0.023622047244094488,0.18192627824019025,0.10383798265079254
E20r seed 44,m1v2-e20r-s44,thursday,0.696774193548387,0.75,0.6506024096385542,0.04466501240694789,0.7104300359704057
E20r seed 44,m1v2-e20r-s44,friday,0.1554054054054054,0.13609467455621302,0.18110236220472442,0.17360285374554102,0.12305273054538751
E20r mean of seeds 42/43/44 (PCAP route),e27-e20r-mean,thursday,0.6092307692307691,0.6226415094339622,0.5963855421686747,0.07444168734491315,0.5432063642314306
E20r mean of seeds 42/43/44 (PCAP route),e27-e20r-mean,friday,0.11564625850340136,0.10179640718562874,0.13385826771653545,0.178359096313912,0.1426431437765719
"r2 shipped, flow-only (CSV route)",e14-pmax-rescore-e4e7-worldmodel-r2,thursday,0.6079027355623101,0.6134969325153374,0.6024096385542169,0.0781637717121588,0.6402442488109463
"r2 shipped, flow-only (CSV route)",e14-pmax-rescore-e4e7-worldmodel-r2,friday,0.0610169491525423,0.0535714285714285,0.0708661417322834,0.1890606420927467,0.1088717309199346
