feature,block,max_rel_diff,mean_rel_diff,corr
n_flows,flow,0.032932,0.002414,0.99999
flows_per_s,flow,0.032932,0.002414,0.99999
bytes_total,flow,0.00259,3.3e-05,1.0
bytes_per_s,flow,0.00259,3.3e-05,1.0
pkts_total,flow,0.09619,0.009794,0.99996
pkts_per_s,flow,0.09619,0.009794,0.99996
syn_no_ack_rate,flow,0.002849,0.000185,1.0
has_rst_rate,flow,0.013798,0.000513,0.99999
has_fin_rate,flow,0.032718,0.000799,0.99981
one_way_rate,flow,0.013492,0.001591,0.99992
tiny_flow_rate,flow,0.007739,0.000644,0.99998
priv_port_rate,flow,0.011847,0.000674,0.99999
ephemeral_dst_rate,flow,0.040438,0.004503,0.98584
is_outbound_rate,flow,0.030552,0.00085,0.99981
is_inbound_rate,flow,0.027417,0.000253,0.99994
is_internal_rate,flow,0.020004,0.000877,0.99992
proto_tcp_rate,flow,0.016515,0.00114,0.99997
proto_udp_rate,flow,0.020125,0.001168,0.99995
proto_icmp_rate,flow,0.009259,0.000774,
svc_http_rate,flow,0.004243,0.000178,0.99997
svc_https_rate,flow,0.021243,0.000605,0.9999
svc_dns_rate,flow,0.019155,0.001086,0.99995
svc_ssh_rate,flow,0.000602,2.2e-05,0.99998
svc_ftp_rate,flow,0.000653,3.3e-05,0.99977
svc_smtp_rate,flow,0.000449,1.4e-05,0.99979
svc_smb_rate,flow,0.000479,1.8e-05,0.99995
svc_rdp_rate,flow,0.000476,5e-06,0.99288
svc_db_rate,flow,0.000588,2.3e-05,0.99771
duration_s_mean,flow,0.130162,0.010036,0.99942
duration_s_max,flow,0.462131,0.002538,0.67497
bytes_mean,flow,0.034053,0.002406,0.99999
bytes_max,flow,0.0,0.0,1.0
pkts_mean,flow,0.085032,0.00843,0.99996
pkt_len_mean_mean,pkt,0.034053,0.002412,0.99998
pkt_len_max_max,pkt,0.0,0.0,1.0
pkt_len_std_mean,pkt,0.034053,0.002394,0.99998
flow_iat_mean_mean,flow,0.100121,0.003632,0.99997
flow_iat_std_mean,flow,0.111818,0.004016,0.99997
flow_iat_max_max,flow,0.0,0.0,1.0
flow_iat_min_min,flow,0.953674,0.003784,
down_up_ratio_mean,flow,0.02117,0.003489,0.99954
fwd_init_win_mean,flow,0.116609,0.007183,0.9998
fwd_init_win_std,flow,0.213438,0.004658,0.99966
bwd_init_win_mean,flow,0.702788,0.026441,0.99967
fwd_seg_size_min_mean,flow,0.072628,0.006898,0.99933
active_mean_mean,flow,0.618165,0.058844,0.98715
idle_mean_mean,flow,0.1021,0.003416,0.99998
syn_cnt_sum,flow,0.034602,0.000781,1.0
ack_cnt_sum,flow,0.030856,0.001307,1.0
fin_cnt_sum,flow,0.118166,0.001012,0.99988
rst_cnt_sum,flow,0.188406,0.00625,0.99995
psh_cnt_sum,flow,0.028923,0.000344,0.99999
urg_cnt_sum,flow,0.0,0.0,1.0
uniq_src_ip,flow,0.478261,0.045725,0.74652
uniq_dst_ip,flow,0.098592,0.008593,0.99984
uniq_dst_port,flow,0.142857,0.03837,0.99954
uniq_src_port,flow,0.322835,0.0215,0.99838
dst_port_entropy,flow,0.054241,0.009586,0.9999
dst_ip_entropy,flow,0.16288,0.015948,0.99874
src_ip_entropy,flow,0.213433,0.022901,0.99789
fanout_max,flow,0.269231,0.001976,0.99989
fanout_mean,flow,0.808547,0.046569,0.98823
port_fanout_max,flow,0.2,0.021869,0.99954
top_talker_share,flow,0.045195,0.005754,0.9992
seq_port_ratio,flow,0.083333,0.005413,0.99765
ports_per_pair_max,flow,0.333333,0.025695,0.99951
outbound_bytes,flow,0.044651,0.000343,1.0
inbound_bytes,flow,0.001431,1.9e-05,1.0
byte_asymmetry,flow,0.002331,2.8e-05,1.0
beacon_score,flow,0.088691,0.000694,0.99923
pkt_win_zero_rate,pkt,0.076923,0.011285,0.41846
pkt_win_small_rate,pkt,0.061538,0.004449,0.99768
pkt_win_distinct,pkt,0.384615,0.028745,0.99571
pkt_win_entropy,pkt,0.241201,0.035714,0.99572
pkt_payload_0_rate,pkt,0.09486,0.008425,0.99644
pkt_payload_1_64_rate,pkt,0.034368,0.001375,0.99901
pkt_payload_65_512_rate,pkt,0.054776,0.003913,0.9989
pkt_payload_513_1024_rate,pkt,0.042855,0.001746,0.99973
pkt_payload_gt1024_rate,pkt,0.030837,0.001524,0.99989
pkt_fwd_len_std_mean,pkt,0.034053,0.00236,0.99997
pkt_bwd_len_std_mean,pkt,0.034053,0.002397,0.99998
pkt_fwd_iat_std_mean,pkt,0.148329,0.005541,0.99994
pkt_bwd_iat_std_mean,pkt,0.06163,0.002593,0.99994
pkt_iat_cv_median,pkt,0.066205,0.002094,0.9989
pkt_bwd_rst_rate,pkt,0.045195,0.005224,0.99983
pkt_syn_probe_rate,pkt,0.009188,0.000455,1.0
pkt_fwd_hdr_per_pkt_mean,pkt,0.054867,0.004273,0.9962
pcap_pkts,pcap,0.0,0.0,1.0
pcap_ttl_mean,pcap,0.0,0.0,1.0
pcap_ttl_std,pcap,0.0,0.0,1.0
pcap_ttl_distinct,pcap,0.0,0.0,1.0
pcap_ttl_low_rate,pcap,0.0,0.0,1.0
pcap_frag_rate,pcap,0.0,0.0,1.0
pcap_retrans_rate,pcap,0.002131,1.9e-05,1.0
pcap_zero_win_rate,pcap,0.0,0.0,1.0
pcap_win_std,pcap,0.0,0.0,1.0
pcap_payload_0_rate,pcap,0.0,0.0,1.0
pcap_payload_1_64_rate,pcap,0.0,0.0,1.0
pcap_payload_65_512_rate,pcap,0.0,0.0,1.0
pcap_payload_513_1024_rate,pcap,0.0,0.0,1.0
pcap_payload_gt1024_rate,pcap,0.0,0.0,1.0
pcap_iat_std,pcap,0.0,0.0,1.0
pcap_iat_cv,pcap,0.0,0.0,1.0
pcap_syn_only_rate,pcap,0.0,0.0,1.0
pcap_rst_rate,pcap,0.0,0.0,1.0
