ts,r2_as_served,e20r_mean_as_served,r2_training_state_same_length,r2_training_state_whole_day,e20r_mean_training_state_same_length,e20r_mean_training_state_whole_day
2017-07-06 16:40:00,0.0197,0.4104,0.01969816,0.0026041744,0.03159384,0.0031792026
2017-07-06 16:40:30,0.0092,0.3402,0.009171001,0.0026634587,0.011313155,0.003115626
2017-07-06 16:41:00,0.0061,0.3304,0.00607468,0.002653866,0.0074423663,0.0030998818
2017-07-06 16:41:30,0.0048,0.335,0.004766309,0.0026002168,0.0056649013,0.0031521805
2017-07-06 16:42:00,0.004,0.2698,0.0039980784,0.0026268184,0.004774857,0.0031645054
2017-07-06 16:42:30,0.0035,0.217,0.0034509825,0.0026435165,0.004345596,0.0031518638
2017-07-06 16:43:00,0.0033,0.1761,0.003306859,0.0025890858,0.003949456,0.003186795
2017-07-06 16:43:30,0.0031,0.2227,0.0031288748,0.0026195054,0.0038024606,0.0031939617
2017-07-06 16:44:00,0.0031,0.2356,0.0030796812,0.0026606494,0.0036008663,0.0031739715
2017-07-06 16:44:30,0.0032,0.1609,0.0032386205,0.0028124107,0.0034988774,0.0031596709
2017-07-06 16:45:00,0.0031,0.2384,0.0030607923,0.0026878652,0.0034184167,0.003119859
2017-07-06 16:45:30,0.0031,0.259,0.0030784167,0.0026588747,0.0033188022,0.0030575555
2017-07-06 16:46:00,0.0032,0.2562,0.003160718,0.0027553036,0.003292051,0.0030683225
2017-07-06 16:46:30,0.003,0.1784,0.0030451254,0.0027235264,0.0032329087,0.0030544095
2017-07-06 16:47:00,0.0029,0.1947,0.002945045,0.0027180663,0.0031627573,0.003002783
2017-07-06 16:47:30,0.0029,0.2386,0.0028644947,0.0026805138,0.003186994,0.003037161
2017-07-06 16:48:00,0.0028,0.2465,0.0028245635,0.0026679907,0.0031904576,0.0030517715
2017-07-06 16:48:30,0.0028,0.2475,0.0028165837,0.0026816349,0.003231558,0.003097534
2017-07-06 16:49:00,0.0029,0.2286,0.0029154296,0.0027864487,0.0032367716,0.0031133331
2017-07-06 16:49:30,0.0034,0.2676,0.0033584947,0.0033074676,0.0033670638,0.003224712
2017-07-06 16:50:00,0.0037,0.2719,0.0037209329,0.0036802937,0.0034220417,0.0032846518
2017-07-06 16:50:30,0.003,0.2523,0.0029790434,0.002869233,0.0033572481,0.0032527994
2017-07-06 16:51:00,0.0031,0.2829,0.003107398,0.0030004294,0.0033807093,0.0032775316
2017-07-06 16:51:30,0.003,0.2817,0.003011308,0.0029193412,0.0035119613,0.0034044005
2017-07-06 16:52:00,0.0029,0.2352,0.0028588425,0.0027873258,0.0035350828,0.00343736
2017-07-06 16:52:30,0.0028,0.2736,0.0028401562,0.0027840221,0.003373793,0.0032967653
2017-07-06 16:53:00,0.0029,0.269,0.0028638192,0.0028189442,0.003326297,0.0032548334
2017-07-06 16:53:30,0.0029,0.2062,0.0029076943,0.002871964,0.0032215891,0.0031532105
2017-07-06 16:54:00,0.0031,0.2515,0.0031033,0.003072773,0.0032896542,0.0032295566
2017-07-06 16:54:30,0.003,0.2696,0.0030129377,0.0029867992,0.003338347,0.0032900972
2017-07-06 16:55:00,0.0029,0.2923,0.00286409,0.0028511551,0.0034194572,0.0033759542
2017-07-06 16:55:30,0.0032,0.3164,0.003156343,0.003150807,0.0036850006,0.0036792017
2017-07-06 16:56:00,0.0031,0.3284,0.0031185925,0.0031234808,0.0033965355,0.00338805
2017-07-06 16:56:30,0.0031,0.2612,0.0031466926,0.00316082,0.0031507483,0.0031344707
2017-07-06 16:57:00,0.0026,0.2809,0.0026296908,0.0026328843,0.0030025474,0.0029859382
2017-07-06 16:57:30,0.0025,0.2816,0.0025272353,0.0025246474,0.0029509645,0.0029344822
2017-07-06 16:58:00,0.0026,0.2882,0.0025664333,0.0025643213,0.0028883738,0.0028713436
2017-07-06 16:58:30,0.0025,0.3175,0.0025472038,0.0025437365,0.0028580886,0.002847566
2017-07-06 16:59:00,0.0025,0.3208,0.0025154003,0.0025115507,0.0030584845,0.0030730162
2017-07-06 16:59:30,0.0026,0.2919,0.0025595387,0.0025539997,0.002849148,0.002845844
2017-07-06 17:00:00,0.0151,0.3236,0.015052205,0.015296353,0.014466774,0.014153686
2017-07-06 17:00:30,0.0343,0.3552,0.03433182,0.03450676,0.030940458,0.030477518
2017-07-06 17:01:00,0.0032,0.3627,0.0031802428,0.003180282,0.0067641363,0.006777437
2017-07-06 17:01:30,0.0032,0.392,0.0032092065,0.0032132203,0.02316186,0.022851422
2017-07-06 17:02:00,0.0029,0.4023,0.002906181,0.0029102266,0.04185647,0.045032967
2017-07-06 17:02:30,0.003,0.4078,0.0030449734,0.0030466444,0.06245376,0.06204268
2017-07-06 17:03:00,0.0039,0.415,0.003865212,0.0038859101,0.089534484,0.08902562
2017-07-06 17:03:30,0.0099,0.4109,0.009928742,0.011647465,0.115853764,0.116791435
2017-07-06 17:04:00,0.0266,0.4219,0.02656861,0.030713156,0.101618744,0.10497833
2017-07-06 17:04:30,0.0333,0.4441,0.033276256,0.038409144,0.06589683,0.0672541
2017-07-06 17:05:00,0.0962,0.4734,0.09622,0.09445692,0.10939962,0.11135604
2017-07-06 17:05:30,0.0992,0.4808,0.0991503,0.09616967,0.08159309,0.083425455
2017-07-06 17:06:00,0.0477,0.4643,0.047698405,0.047618657,0.010346626,0.011552497
2017-07-06 17:06:30,0.0091,0.457,0.009069378,0.010153169,0.004338619,0.004394855
2017-07-06 17:07:00,0.0136,0.4458,0.013623206,0.013060916,0.0039043787,0.0039304825
2017-07-06 17:07:30,0.0541,0.4633,0.054118816,0.050956648,0.004742082,0.004938311
2017-07-06 17:08:00,0.029,0.4432,0.029007575,0.027480857,0.0041074394,0.0041900557
2017-07-06 17:08:30,0.0194,0.4006,0.019353302,0.018641036,0.003662029,0.0036968265
2017-07-06 17:09:00,0.0103,0.373,0.010301764,0.01009253,0.0040667015,0.0041472926
2017-07-06 17:09:30,0.0107,0.3698,0.010746974,0.01054513,0.0040401216,0.004128451
2017-07-06 17:10:00,0.1272,0.3914,0.12717716,0.12202283,0.003954507,0.003986756
2017-07-06 17:10:30,0.4801,0.3946,0.4801237,0.47443604,0.0041729016,0.004251868
2017-07-06 17:11:00,0.345,0.3874,0.34500182,0.3357042,0.003923141,0.0039710463
2017-07-06 17:11:30,0.0819,0.3518,0.08193745,0.077489495,0.0033826905,0.0033967278
2017-07-06 17:12:00,0.0042,0.3091,0.0042436863,0.004185492,0.0033166874,0.0033228018
2017-07-06 17:12:30,0.007,0.3058,0.0069620083,0.0068454305,0.0033458136,0.0033477854
2017-07-06 17:13:00,0.0062,0.3035,0.006249312,0.006189824,0.0033692967,0.003366294
2017-07-06 17:13:30,0.0054,0.3281,0.0053934418,0.0053591058,0.0034627516,0.0034576838
2017-07-06 17:14:00,0.0062,0.3597,0.0061813234,0.006202368,0.0036091625,0.0036075935
2017-07-06 17:14:30,0.0057,0.3866,0.0057414505,0.0058726836,0.004475856,0.00450966
2017-07-06 17:15:00,0.0041,0.4038,0.004110919,0.00410243,0.004267307,0.0043391516
2017-07-06 17:15:30,0.0041,0.4233,0.0040646885,0.0040560886,0.0050580874,0.0052684457
2017-07-06 17:16:00,0.0117,0.4321,0.011732093,0.012879143,0.007140618,0.007572055
2017-07-06 17:16:30,0.0104,0.4354,0.01042729,0.012022016,0.006607663,0.007027496
2017-07-06 17:17:00,0.0048,0.4807,0.004794207,0.0048198905,0.005307343,0.0055248267
2017-07-06 17:17:30,0.0049,0.5079,0.0048685167,0.0048944987,0.004872869,0.0050502648
2017-07-06 17:18:00,0.0057,0.5029,0.005714443,0.0058063376,0.0047051446,0.0048540947
2017-07-06 17:18:30,0.0059,0.5354,0.005941951,0.0060651177,0.005087661,0.005242905
2017-07-06 17:19:00,0.007,0.5585,0.00700107,0.0071328976,0.005209841,0.0053331684
2017-07-06 17:19:30,0.0085,0.5728,0.008493985,0.008686577,0.007718146,0.007962575
2017-07-06 17:20:00,0.008,0.5921,0.008029715,0.008309073,0.0066074417,0.006793503
2017-07-06 17:20:30,0.0042,0.5842,0.004216847,0.004401147,0.005232945,0.0053932928
2017-07-06 17:21:00,0.0036,0.553,0.0035909964,0.0038014322,0.0053036944,0.005410191
2017-07-06 17:21:30,0.0033,0.5594,0.0032744561,0.0034378278,0.0070887194,0.007343614
2017-07-06 17:22:00,0.0032,0.5447,0.0032114706,0.0033545515,0.005429193,0.005558302
2017-07-06 17:22:30,0.0033,0.5117,0.0032554886,0.003401009,0.005405449,0.005498473
2017-07-06 17:23:00,0.0033,0.4835,0.0033083176,0.003339704,0.0047190133,0.004736042
2017-07-06 17:23:30,0.0034,0.4748,0.0033669611,0.0034108122,0.0047995443,0.0047826325
2017-07-06 17:24:00,0.0034,0.498,0.0034095466,0.0034740234,0.0050741774,0.00506705
2017-07-06 17:24:30,0.0034,0.4905,0.0033633676,0.0034953556,0.0045998245,0.004582796
2017-07-06 17:25:00,0.0032,0.3882,0.0031630385,0.0032925082,0.0040949797,0.004080092
2017-07-06 17:25:30,0.0033,0.3656,0.003295442,0.0034351642,0.00438943,0.0043914667
2017-07-06 17:26:00,0.0032,0.3409,0.0031909812,0.0033150369,0.0048999353,0.0049358434
2017-07-06 17:26:30,0.0033,0.3453,0.0032506709,0.0033580286,0.00407543,0.004054448
2017-07-06 17:27:00,0.0032,0.321,0.0032128491,0.0033066894,0.003750372,0.0037289988
2017-07-06 17:27:30,0.003,0.236,0.002956504,0.003024539,0.0034312783,0.0034127065
2017-07-06 17:28:00,0.0028,0.177,0.0027541928,0.002769959,0.0033199023,0.003300798
2017-07-06 17:28:30,0.0027,0.1749,0.0027499003,0.0027679247,0.003259101,0.0032418761
2017-07-06 17:29:00,0.0028,0.164,0.002750596,0.0027741322,0.003294212,0.0032635431
2017-07-06 17:29:30,0.0028,0.1911,0.002843372,0.0028746293,0.0032534122,0.0032247566
2017-07-06 17:30:00,0.0028,0.2162,0.0027561842,0.0027769383,0.0033449966,0.0033207473
2017-07-06 17:30:30,0.0027,0.2424,0.0027247933,0.002726546,0.0038580762,0.0038254943
2017-07-06 17:31:00,0.0028,0.2429,0.0027522093,0.002752386,0.007037042,0.0070671192
2017-07-06 17:31:30,0.0028,0.2746,0.002764167,0.0027625088,0.010810279,0.010870382
2017-07-06 17:32:00,0.0029,0.2711,0.002941211,0.002939226,0.07944616,0.07772488
2017-07-06 17:32:30,0.003,0.2612,0.0030099556,0.0030116832,0.14323035,0.1381797
2017-07-06 17:33:00,0.024,0.2617,0.024043605,0.02351738,0.15600373,0.14706503
2017-07-06 17:33:30,0.0281,0.2749,0.028087607,0.02730203,0.20932156,0.19897218
2017-07-06 17:34:00,0.0182,0.2794,0.018172104,0.018052261,0.16824305,0.16171248
2017-07-06 17:34:30,0.0145,0.3048,0.014535033,0.014458522,0.123072065,0.11757866
2017-07-06 17:35:00,0.0108,0.2769,0.010826493,0.010654476,0.105253495,0.09942353
2017-07-06 17:35:30,0.0027,0.2943,0.0026501126,0.0026320233,0.07940263,0.07634079
2017-07-06 17:36:00,0.0027,0.3595,0.0026781019,0.0026666285,0.06138462,0.055663902
2017-07-06 17:36:30,0.0028,0.3542,0.0028162354,0.0028078358,0.10991848,0.08957926
2017-07-06 17:37:00,0.0031,0.3956,0.0030808132,0.0030733224,0.20133905,0.15159367
2017-07-06 17:37:30,0.0044,0.3949,0.0044388133,0.00443306,0.3058375,0.2625469
2017-07-06 17:38:00,0.0037,0.3275,0.0037126902,0.0037021805,0.08343951,0.05538531
2017-07-06 17:38:30,0.0036,0.3506,0.0036125414,0.0035952677,0.03482219,0.025326414
2017-07-06 17:39:00,0.0041,0.3614,0.004072769,0.0040581655,0.075909324,0.051900703
2017-07-06 17:39:30,0.0043,0.3567,0.004267106,0.004250484,0.053481635,0.033775214
2017-07-06 17:40:00,0.0042,0.3399,0.004159857,0.0041423314,0.0109591475,0.0075936634
2017-07-06 17:40:30,0.0044,0.3815,0.0043824366,0.0043601524,0.0076560783,0.0062200087
2017-07-06 17:41:00,0.0049,0.395,0.004880255,0.0048475694,0.0065157786,0.0056102755
2017-07-06 17:41:30,0.0084,0.4108,0.008397958,0.008288368,0.0072677005,0.0062112943
2017-07-06 17:42:00,0.0232,0.4468,0.023164183,0.022464503,0.005981538,0.0053605787
2017-07-06 17:42:30,0.0102,0.4138,0.010233739,0.0099689,0.0050216164,0.004686111
2017-07-06 17:43:00,0.0109,0.4214,0.010875052,0.010380929,0.0052213,0.0049141957
2017-07-06 17:43:30,0.0228,0.4784,0.022765154,0.020849174,0.007456063,0.006808288
2017-07-06 17:44:00,0.0216,0.5192,0.021602005,0.019674629,0.0071757524,0.0065380433
2017-07-06 17:44:30,0.0154,0.5535,0.015374203,0.014263057,0.0059509925,0.0054645184
2017-07-06 17:45:00,0.0079,0.3131,0.007943242,0.0075643403,0.0043571866,0.0041683065
2017-07-06 17:45:30,0.0057,0.365,0.0057367403,0.005423421,0.004336772,0.0042120926
2017-07-06 17:46:00,0.0049,0.3619,0.004926317,0.0046719783,0.0040909653,0.0040229885
2017-07-06 17:46:30,0.0063,0.3526,0.0063249045,0.005758548,0.004134391,0.0040709455
2017-07-06 17:47:00,0.0126,0.356,0.0125818495,0.00950695,0.0042322637,0.0041705766
2017-07-06 17:47:30,0.0125,0.3986,0.012495547,0.009030963,0.0050762347,0.004937619
2017-07-06 17:48:00,0.0397,0.3948,0.03965429,0.019082354,0.00999143,0.008451953
2017-07-06 17:48:30,0.0158,0.3615,0.01581877,0.009236978,0.0042261314,0.004033751
2017-07-06 17:49:00,0.0127,0.3156,0.012721109,0.008013506,0.0035114626,0.003459132
2017-07-06 17:49:30,0.006,0.3297,0.006019038,0.0047485046,0.0038686255,0.0037913912
2017-07-06 17:50:00,0.0048,0.3219,0.0048182895,0.0040584547,0.0041417987,0.004098681
2017-07-06 17:50:30,0.0053,0.3166,0.0053221993,0.0047518564,0.0046771206,0.0046818512
2017-07-06 17:51:00,0.0057,0.311,0.0057151257,0.0050370526,0.0038135648,0.0037098303
2017-07-06 17:51:30,0.0055,0.3208,0.0054552117,0.004870476,0.0049635894,0.0049151317
2017-07-06 17:52:00,0.0057,0.3302,0.0057194903,0.0051180976,0.0048647504,0.0047231014
2017-07-06 17:52:30,0.005,0.4426,0.005005523,0.004580093,0.0036717365,0.0036544893
2017-07-06 17:53:00,0.006,0.5819,0.00600016,0.0053877556,0.004539304,0.0043896344
2017-07-06 17:53:30,0.0061,0.5994,0.0060893865,0.005457238,0.0056496672,0.0052545327
2017-07-06 17:54:00,0.0041,0.5328,0.004085477,0.0038167108,0.00786614,0.0068154125
2017-07-06 17:54:30,0.0031,0.5511,0.0030629348,0.0029885734,0.019627344,0.016140219
2017-07-06 17:55:00,0.0027,0.5591,0.0026824968,0.0026773098,0.0071753114,0.0062844194
2017-07-06 17:55:30,0.0026,0.5573,0.0025963292,0.0026082352,0.007836073,0.006878422
2017-07-06 17:56:00,0.0024,0.5552,0.0024210117,0.0024453925,0.0059715225,0.005259777
2017-07-06 17:56:30,0.0023,0.5473,0.0023043524,0.0023393466,0.005906205,0.0052009136
2017-07-06 17:57:00,0.0023,0.4679,0.0023201385,0.0023508284,0.008160565,0.006792816
2017-07-06 17:57:30,0.0024,0.4819,0.002358194,0.0023913363,0.014839199,0.010995351
2017-07-06 17:58:00,0.0023,0.4892,0.0023115627,0.0023502873,0.008921365,0.0067929276
2017-07-06 17:58:30,0.0022,0.4848,0.0022164404,0.002258955,0.008465965,0.0067039453
2017-07-06 17:59:00,0.0022,0.4778,0.0022276635,0.002271254,0.007695203,0.006231913
2017-07-06 17:59:30,0.0023,0.4609,0.0022576572,0.0022947907,0.0072342865,0.005928043
2017-07-06 18:00:00,0.0024,0.4619,0.0023607847,0.0023911167,0.008294097,0.006482585
2017-07-06 18:00:30,0.0023,0.421,0.0023251195,0.0023615249,0.042475287,0.029789383
2017-07-06 18:01:00,0.0023,0.3985,0.0022931723,0.0023316094,0.015301704,0.010453715
2017-07-06 18:01:30,0.0026,0.4014,0.0026466765,0.0026670496,0.021877417,0.016577045
2017-07-06 18:02:00,0.0027,0.4298,0.002697674,0.002714024,0.035241615,0.029085511
2017-07-06 18:02:30,0.0025,0.4219,0.0025037024,0.0025229538,0.021525772,0.016834684
2017-07-06 18:03:00,0.0025,0.4101,0.0025425062,0.0025610095,0.01348191,0.010969759
2017-07-06 18:03:30,0.0026,0.4133,0.002615211,0.0026270759,0.015586107,0.013203812
2017-07-06 18:04:00,0.0025,0.397,0.0025226634,0.002527994,0.013275233,0.0112429
2017-07-06 18:04:30,0.0084,0.3955,0.008431315,0.0085141,0.05017731,0.045476686
2017-07-06 18:05:00,0.0128,0.4255,0.01284403,0.012999948,0.11034725,0.102827586
2017-07-06 18:05:30,0.011,0.4223,0.011008337,0.011117279,0.04065998,0.039388712
2017-07-06 18:06:00,0.0105,0.424,0.010514803,0.010610419,0.0408106,0.04241303
2017-07-06 18:06:30,0.0172,0.4499,0.017221821,0.017423626,0.1668034,0.17008446
2017-07-06 18:07:00,0.0317,0.466,0.03173796,0.03231397,0.25110134,0.25361922
2017-07-06 18:07:30,0.0216,0.451,0.021578647,0.021809068,0.24861912,0.24751882
2017-07-06 18:08:00,0.0615,0.457,0.061494015,0.062258482,0.28767592,0.2880298
2017-07-06 18:08:30,0.0765,0.44,0.0764704,0.07730981,0.2701147,0.27155045
2017-07-06 18:09:00,0.0468,0.4,0.04678435,0.046805326,0.253577,0.2571263
2017-07-06 18:09:30,0.0414,0.3683,0.0413767,0.04178518,0.21792616,0.22141112
2017-07-06 18:10:00,0.0442,0.3441,0.044190783,0.044495553,0.17825194,0.1818431
2017-07-06 18:10:30,0.0758,0.3709,0.07582414,0.075430945,0.22940557,0.23362787
2017-07-06 18:11:00,0.1124,0.3661,0.112400435,0.112204984,0.25005314,0.25431538
2017-07-06 18:11:30,0.1357,0.3501,0.1356947,0.13503143,0.2517426,0.25580084
2017-07-06 18:12:00,0.1658,0.3546,0.1657903,0.16584732,0.2786598,0.2824715
2017-07-06 18:12:30,0.1665,0.3548,0.16650924,0.16715778,0.28696468,0.29045627
2017-07-06 18:13:00,0.1536,0.3402,0.15359984,0.15484089,0.28319994,0.28597045
2017-07-06 18:13:30,0.1688,0.3437,0.1688254,0.17103104,0.30223587,0.30497122
2017-07-06 18:14:00,0.1738,0.3357,0.17382538,0.1774936,0.31909522,0.32174388
2017-07-06 18:14:30,0.1667,0.3203,0.16666038,0.17101997,0.3142079,0.3162689
2017-07-06 18:15:00,0.1426,0.3106,0.1425737,0.14719023,0.28151572,0.28180334
2017-07-06 18:15:30,0.1425,0.3126,0.1424894,0.1476834,0.27892178,0.27955112
2017-07-06 18:16:00,0.1776,0.3322,0.17755689,0.18374908,0.31013194,0.3110375
2017-07-06 18:16:30,0.1858,0.3424,0.18583152,0.19259049,0.32237515,0.32305673
2017-07-06 18:17:00,0.1631,0.3446,0.16309409,0.16836107,0.32638428,0.32629073
2017-07-06 18:17:30,0.1996,0.3713,0.19956532,0.20767114,0.35684204,0.35771206
2017-07-06 18:18:00,0.208,0.3852,0.20803878,0.2162903,0.37350464,0.3740698
2017-07-06 18:18:30,0.1678,0.3541,0.16780312,0.17311482,0.35805652,0.35760877
2017-07-06 18:19:00,0.1508,0.3377,0.15075703,0.15583822,0.3462131,0.34524083
2017-07-06 18:19:30,0.1433,0.3328,0.14325649,0.14818251,0.33594492,0.3347026
2017-07-06 18:20:00,0.1756,0.3567,0.17562863,0.18334703,0.35229507,0.35140577
2017-07-06 18:20:30,0.1981,0.3625,0.19810483,0.20603076,0.3645908,0.36381373
2017-07-06 18:21:00,0.2072,0.3732,0.20720933,0.21495467,0.37664673,0.37603703
2017-07-06 18:21:30,0.2114,0.385,0.21136424,0.21876435,0.38905486,0.38861907
2017-07-06 18:22:00,0.2075,0.3899,0.20754081,0.21421891,0.39141932,0.39092907
2017-07-06 18:22:30,0.2108,0.3956,0.21077786,0.21687046,0.39998636,0.3994492
2017-07-06 18:23:00,0.2259,0.401,0.22591181,0.23172116,0.4154519,0.41490075
2017-07-06 18:23:30,0.2234,0.3909,0.22335938,0.22861959,0.41667977,0.41593277
2017-07-06 18:24:00,0.2075,0.3778,0.20754409,0.21221276,0.40620077,0.40520108
2017-07-06 18:24:30,0.1887,0.3873,0.18873057,0.19340125,0.3759946,0.37490535
2017-07-06 18:25:00,0.1697,0.3838,0.16967173,0.17397806,0.3601865,0.35868144
2017-07-06 18:25:30,0.2126,0.3933,0.2125873,0.21661408,0.38189456,0.38038203
2017-07-06 18:26:00,0.2309,0.3886,0.23089871,0.23445782,0.380538,0.37890872
2017-07-06 18:26:30,0.2365,0.3894,0.23649383,0.23978208,0.3841404,0.38246104
2017-07-06 18:27:00,0.2396,0.3975,0.23959768,0.24220681,0.39470026,0.39300513
2017-07-06 18:27:30,0.2539,0.3989,0.25385413,0.25597072,0.40027013,0.3985933
2017-07-06 18:28:00,0.2118,0.3654,0.21178712,0.21337475,0.38401684,0.38243806
2017-07-06 18:28:30,0.1941,0.346,0.19412829,0.19550726,0.3702942,0.36879954
2017-07-06 18:29:00,0.1847,0.3408,0.18471737,0.18594089,0.36327982,0.3619777
2017-07-06 18:29:30,0.2114,0.3652,0.21139942,0.21251301,0.3762653,0.37506095
2017-07-06 18:30:00,0.2214,0.3652,0.22137094,0.22237152,0.37636828,0.375345
2017-07-06 18:30:30,0.221,0.3697,0.22104287,0.22195612,0.37806812,0.37715557
2017-07-06 18:31:00,0.2239,0.3758,0.22393589,0.22474161,0.3828431,0.38197455
2017-07-06 18:31:30,0.2171,0.3633,0.21714906,0.21779543,0.3810648,0.3802371
2017-07-06 18:32:00,0.2194,0.3547,0.2194196,0.21996246,0.3791472,0.37826195
2017-07-06 18:32:30,0.2282,0.3605,0.22818941,0.22861947,0.3980004,0.396741
2017-07-06 18:33:00,0.2209,0.352,0.22085576,0.22108892,0.393921,0.39220896
2017-07-06 18:33:30,0.1976,0.3417,0.19759664,0.19729425,0.37698936,0.374755
2017-07-06 18:34:00,0.1606,0.3588,0.16060428,0.15801992,0.35684288,0.35143602
2017-07-06 18:34:30,0.2477,0.3696,0.24770105,0.24596559,0.3894719,0.3846883
2017-07-06 18:35:00,0.2646,0.3658,0.26464128,0.2632283,0.38772294,0.38286987
2017-07-06 18:35:30,0.1693,0.369,0.16933252,0.16755903,0.38923573,0.38344264
2017-07-06 18:36:00,0.1783,0.3718,0.17833588,0.17526722,0.396378,0.38984835
2017-07-06 18:36:30,0.2349,0.3879,0.23486184,0.22912012,0.4052023,0.39843407
2017-07-06 18:37:00,0.2299,0.3944,0.22991906,0.22467588,0.40745044,0.4004968
2017-07-06 18:37:30,0.19,0.372,0.19002387,0.18593496,0.38705745,0.37934813
2017-07-06 18:38:00,0.1727,0.3572,0.17271185,0.1678327,0.37136427,0.36243558
2017-07-06 18:38:30,0.2092,0.3735,0.20918423,0.20170252,0.38362098,0.37355074
2017-07-06 18:39:00,0.2267,0.3828,0.22666265,0.21941552,0.39224005,0.38097194
2017-07-06 18:39:30,0.2335,0.3908,0.23348172,0.22605802,0.39873794,0.3863133
2017-07-06 18:40:00,0.2373,0.3997,0.23731272,0.22959922,0.40835667,0.39496508
2017-07-06 18:40:30,0.2413,0.4072,0.24127634,0.23319739,0.413968,0.40016142
2017-07-06 18:41:00,0.2288,0.4032,0.2288286,0.22041146,0.41400442,0.3995099
2017-07-06 18:41:30,0.2271,0.4011,0.22705287,0.21831864,0.42235103,0.40640053
2017-07-06 18:42:00,0.2155,0.3896,0.21554334,0.20666432,0.4167408,0.40139833
2017-07-06 18:42:30,0.2044,0.385,0.20436849,0.19508678,0.4095075,0.39434087
2017-07-06 18:43:00,0.1031,0.3881,0.10309231,0.10101492,0.2889724,0.27390656
2017-07-06 18:43:30,0.2014,0.4036,0.20137776,0.19135794,0.3936913,0.3746358
2017-07-06 18:44:00,0.2277,0.407,0.22769144,0.21742488,0.40955567,0.39172855
2017-07-06 18:44:30,0.2361,0.4067,0.23605417,0.22590208,0.4174893,0.40071177
2017-07-06 18:45:00,0.1442,0.3983,0.14423983,0.14250326,0.41338435,0.3965094
2017-07-06 18:45:30,0.1193,0.4192,0.11930513,0.11754414,0.39466056,0.37600812
2017-07-06 18:46:00,0.118,0.4416,0.11796553,0.11865947,0.42519036,0.39821807
2017-07-06 18:46:30,0.1399,0.4609,0.13986875,0.14135511,0.44323754,0.42455697
2017-07-06 18:47:00,0.0713,0.4749,0.07130762,0.071744144,0.40335703,0.3778933
2017-07-06 18:47:30,0.0698,0.5031,0.069835015,0.06948214,0.4448687,0.41795
2017-07-06 18:48:00,0.0686,0.5339,0.06856415,0.068331234,0.4935015,0.46710202
2017-07-06 18:48:30,0.0066,0.5383,0.006626366,0.006442395,0.3899213,0.35816312
2017-07-06 18:49:00,0.0787,0.5789,0.07872058,0.07658066,0.4087547,0.3683128
2017-07-06 18:49:30,0.0063,0.6051,0.033360135,0.02721563,0.45354834,0.38501477
