test_day,epoch,total,recon,kl,kl_raw,stage,compromise,imagine_compromise,imagine_stage,imagine_recon
thursday,0,12.038,0.4502,1.0,0.2712,1.8892,1.4712,1.4669,1.8775,0.9165
thursday,1,10.892,0.4461,1.0,0.2983,1.7926,1.2697,1.2742,1.7789,0.9019
thursday,2,9.2497,0.4389,1.0,0.4669,1.6654,1.0255,0.9571,1.6596,0.8932
thursday,3,6.2745,0.4561,1.0057,0.6386,1.4413,0.5121,0.3859,1.4857,0.9495
thursday,4,5.3685,0.459,1.0,0.6786,1.3007,0.2884,0.3067,1.3351,0.9443
thursday,5,4.2065,0.4403,1.0099,0.5602,1.1004,0.1735,0.1177,1.1276,0.8971
thursday,6,3.6435,0.4446,1.0,0.6177,0.9643,0.0966,0.0435,1.0116,0.9053
thursday,7,3.6404,0.4532,1.0147,0.7557,0.8259,0.0736,0.1108,0.912,0.9182
thursday,8,3.092,0.4431,1.0023,0.7064,0.6591,0.0632,0.0281,0.7527,0.9018
thursday,9,3.2375,0.442,1.0,0.8509,0.6729,0.0887,0.0636,0.7115,0.8985
thursday,10,2.8635,0.4465,1.014,0.5543,0.4813,0.0618,0.0321,0.6098,0.9037
thursday,11,2.7569,0.4361,1.0,0.4305,0.4695,0.0499,0.0261,0.57,0.8882
thursday,12,2.7538,0.4465,1.0,0.6206,0.4561,0.0468,0.0251,0.5342,0.9153
thursday,13,2.5792,0.4334,1.0,0.7173,0.3787,0.0438,0.0241,0.4511,0.8817
thursday,14,2.5645,0.4388,1.009,0.6632,0.3552,0.0408,0.0244,0.4335,0.8945
thursday,15,2.5314,0.4373,1.0,0.3546,0.3433,0.0349,0.0225,0.4446,0.8912
thursday,16,2.4091,0.4356,1.0,0.3656,0.2676,0.0341,0.0221,0.3687,0.887
thursday,17,2.3725,0.4302,1.0,0.4065,0.2673,0.0303,0.0213,0.3494,0.876
thursday,18,2.4196,0.4469,1.0,0.4491,0.2494,0.0303,0.021,0.369,0.9153
thursday,19,2.4033,0.4434,1.0,0.4725,0.2536,0.0314,0.0212,0.3484,0.9057
thursday,20,2.3741,0.4285,1.0,0.4867,0.2603,0.0317,0.0236,0.3575,0.8722
thursday,21,2.354,0.4333,1.0,0.4888,0.2427,0.0304,0.0208,0.3549,0.8772
thursday,22,2.3589,0.4372,1.0,0.4936,0.2514,0.0288,0.0205,0.3351,0.8835
thursday,23,2.3692,0.4391,1.0,0.5034,0.2401,0.0301,0.0215,0.3393,0.8956
thursday,24,2.3581,0.4287,1.0,0.501,0.2421,0.0301,0.0242,0.3617,0.8737
friday,0,11.6089,0.4588,1.0,0.2627,1.9095,1.3643,1.3858,1.9157,0.8966
friday,1,9.8032,0.4539,1.0,0.4399,1.8226,1.0517,1.0433,1.8124,0.8873
friday,2,7.3704,0.455,1.0037,0.6183,1.701,0.6226,0.5795,1.6698,0.894
friday,3,5.8578,0.4749,1.0,0.5305,1.4996,0.3752,0.3213,1.4517,0.9432
friday,4,4.8931,0.4515,1.0179,0.6737,1.2796,0.2494,0.2198,1.2216,0.8842
friday,5,4.148,0.4444,1.0,0.4255,1.0682,0.1656,0.1304,1.088,0.8691
friday,6,3.8401,0.447,1.0028,0.7138,0.9426,0.1409,0.1036,0.9604,0.8764
friday,7,3.6934,0.4422,1.0,0.5408,0.8476,0.1265,0.1189,0.8567,0.8654
friday,8,3.4148,0.4509,1.0004,0.5242,0.7008,0.1083,0.0937,0.7804,0.8749
friday,9,3.2424,0.4374,1.0,0.4712,0.6379,0.0946,0.0795,0.7666,0.8562
friday,10,3.0655,0.4349,1.0,0.8143,0.5231,0.0938,0.0805,0.6553,0.8509
friday,11,3.0632,0.4501,1.0014,0.4333,0.4858,0.0898,0.0774,0.6505,0.8895
friday,12,2.9442,0.4445,1.0,0.5553,0.4101,0.0909,0.0768,0.6235,0.8656
friday,13,2.9231,0.441,1.0329,0.9129,0.3924,0.0945,0.088,0.5273,0.8567
friday,14,2.8101,0.4303,1.0,0.3822,0.3722,0.0858,0.0758,0.5323,0.8425
friday,15,2.7638,0.4298,1.0,0.4682,0.3411,0.0855,0.0744,0.5119,0.8427
friday,16,2.9175,0.4579,1.0,0.6139,0.3243,0.1054,0.0852,0.524,0.9069
friday,17,2.6693,0.4275,1.0,0.6488,0.3007,0.0841,0.0704,0.4478,0.8377
friday,18,2.7109,0.4287,1.0,0.6667,0.2899,0.0956,0.0862,0.404,0.8407
friday,19,2.6493,0.4283,1.0,0.665,0.2792,0.0807,0.0712,0.4534,0.8399
friday,20,2.6667,0.4401,1.0,0.6627,0.266,0.0835,0.077,0.4137,0.8558
friday,21,2.5864,0.428,1.0,0.6595,0.2556,0.0778,0.0697,0.4012,0.8375
friday,22,2.5954,0.4288,1.0,0.6616,0.2473,0.0791,0.0705,0.4144,0.8426
friday,23,2.5739,0.4302,1.0,0.6577,0.2463,0.0789,0.0691,0.3853,0.8397
friday,24,2.6438,0.4405,1.0,0.6662,0.2615,0.0775,0.0697,0.4231,0.8664
