run,test_day,view,stage,support,predicted,precision,recall,in_training
e4e7-worldmodel-r2,friday,stage,BENIGN,759,556,0.8453,0.6192,True
e4e7-worldmodel-r2,friday,stage,RECONNAISSANCE,52,37,0.4054,0.2885,True
e4e7-worldmodel-r2,friday,stage,INITIAL_ACCESS,0,237,0.0,,True
e4e7-worldmodel-r2,friday,stage,LATERAL_MOVEMENT,0,84,0.0,,True
e4e7-worldmodel-r2,friday,stage,COMMAND_AND_CONTROL,116,0,,0.0,False
e4e7-worldmodel-r2,friday,stage,EXFILTRATION,0,0,,,False
e4e7-worldmodel-r2,friday,stage,IMPACT,41,54,0.7593,1.0,True
e4e7-worldmodel-r2,friday,technique,BENIGN,759,556,0.8453,0.6192,True
e4e7-worldmodel-r2,friday,technique,DISCOVERY_T1046,52,121,0.2479,0.5769,True
e4e7-worldmodel-r2,friday,technique,INITIAL_ACCESS,0,237,0.0,,True
e4e7-worldmodel-r2,friday,technique,COMMAND_AND_CONTROL,116,0,,0.0,False
e4e7-worldmodel-r2,friday,technique,EXFILTRATION,0,0,,,False
e4e7-worldmodel-r2,friday,technique,IMPACT,41,54,0.7593,1.0,True
e4e7-worldmodel-r2,thursday,stage,BENIGN,736,888,0.8209,0.9905,True
e4e7-worldmodel-r2,thursday,stage,RECONNAISSANCE,2,78,0.0128,0.5,True
e4e7-worldmodel-r2,thursday,stage,INITIAL_ACCESS,126,0,,0.0,True
e4e7-worldmodel-r2,thursday,stage,LATERAL_MOVEMENT,108,0,,0.0,False
e4e7-worldmodel-r2,thursday,stage,COMMAND_AND_CONTROL,0,0,,,True
e4e7-worldmodel-r2,thursday,stage,EXFILTRATION,0,0,,,False
e4e7-worldmodel-r2,thursday,stage,IMPACT,0,6,0.0,,True
e4e7-worldmodel-r2,thursday,technique,BENIGN,736,888,0.8209,0.9905,True
e4e7-worldmodel-r2,thursday,technique,DISCOVERY_T1046,110,78,0.8846,0.6273,True
e4e7-worldmodel-r2,thursday,technique,INITIAL_ACCESS,126,0,,0.0,True
e4e7-worldmodel-r2,thursday,technique,COMMAND_AND_CONTROL,0,0,,,True
e4e7-worldmodel-r2,thursday,technique,EXFILTRATION,0,0,,,False
e4e7-worldmodel-r2,thursday,technique,IMPACT,0,6,0.0,,True
