run,test_day,view,true,pred,windows
m1v2-e19-s43,friday,stage,BENIGN,BENIGN,495
m1v2-e19-s43,friday,stage,BENIGN,RECONNAISSANCE,29
m1v2-e19-s43,friday,stage,BENIGN,INITIAL_ACCESS,165
m1v2-e19-s43,friday,stage,BENIGN,LATERAL_MOVEMENT,54
m1v2-e19-s43,friday,stage,BENIGN,COMMAND_AND_CONTROL,0
m1v2-e19-s43,friday,stage,BENIGN,EXFILTRATION,0
m1v2-e19-s43,friday,stage,BENIGN,IMPACT,16
m1v2-e19-s43,friday,stage,RECONNAISSANCE,BENIGN,3
m1v2-e19-s43,friday,stage,RECONNAISSANCE,RECONNAISSANCE,5
m1v2-e19-s43,friday,stage,RECONNAISSANCE,INITIAL_ACCESS,15
m1v2-e19-s43,friday,stage,RECONNAISSANCE,LATERAL_MOVEMENT,27
m1v2-e19-s43,friday,stage,RECONNAISSANCE,COMMAND_AND_CONTROL,0
m1v2-e19-s43,friday,stage,RECONNAISSANCE,EXFILTRATION,0
m1v2-e19-s43,friday,stage,RECONNAISSANCE,IMPACT,2
m1v2-e19-s43,friday,stage,INITIAL_ACCESS,BENIGN,0
m1v2-e19-s43,friday,stage,INITIAL_ACCESS,RECONNAISSANCE,0
m1v2-e19-s43,friday,stage,INITIAL_ACCESS,INITIAL_ACCESS,0
m1v2-e19-s43,friday,stage,INITIAL_ACCESS,LATERAL_MOVEMENT,0
m1v2-e19-s43,friday,stage,INITIAL_ACCESS,COMMAND_AND_CONTROL,0
m1v2-e19-s43,friday,stage,INITIAL_ACCESS,EXFILTRATION,0
m1v2-e19-s43,friday,stage,INITIAL_ACCESS,IMPACT,0
m1v2-e19-s43,friday,stage,LATERAL_MOVEMENT,BENIGN,0
m1v2-e19-s43,friday,stage,LATERAL_MOVEMENT,RECONNAISSANCE,0
m1v2-e19-s43,friday,stage,LATERAL_MOVEMENT,INITIAL_ACCESS,0
m1v2-e19-s43,friday,stage,LATERAL_MOVEMENT,LATERAL_MOVEMENT,0
m1v2-e19-s43,friday,stage,LATERAL_MOVEMENT,COMMAND_AND_CONTROL,0
m1v2-e19-s43,friday,stage,LATERAL_MOVEMENT,EXFILTRATION,0
m1v2-e19-s43,friday,stage,LATERAL_MOVEMENT,IMPACT,0
m1v2-e19-s43,friday,stage,COMMAND_AND_CONTROL,BENIGN,78
m1v2-e19-s43,friday,stage,COMMAND_AND_CONTROL,RECONNAISSANCE,0
m1v2-e19-s43,friday,stage,COMMAND_AND_CONTROL,INITIAL_ACCESS,38
m1v2-e19-s43,friday,stage,COMMAND_AND_CONTROL,LATERAL_MOVEMENT,0
m1v2-e19-s43,friday,stage,COMMAND_AND_CONTROL,COMMAND_AND_CONTROL,0
m1v2-e19-s43,friday,stage,COMMAND_AND_CONTROL,EXFILTRATION,0
m1v2-e19-s43,friday,stage,COMMAND_AND_CONTROL,IMPACT,0
m1v2-e19-s43,friday,stage,EXFILTRATION,BENIGN,0
m1v2-e19-s43,friday,stage,EXFILTRATION,RECONNAISSANCE,0
m1v2-e19-s43,friday,stage,EXFILTRATION,INITIAL_ACCESS,0
m1v2-e19-s43,friday,stage,EXFILTRATION,LATERAL_MOVEMENT,0
m1v2-e19-s43,friday,stage,EXFILTRATION,COMMAND_AND_CONTROL,0
m1v2-e19-s43,friday,stage,EXFILTRATION,EXFILTRATION,0
m1v2-e19-s43,friday,stage,EXFILTRATION,IMPACT,0
m1v2-e19-s43,friday,stage,IMPACT,BENIGN,1
m1v2-e19-s43,friday,stage,IMPACT,RECONNAISSANCE,0
m1v2-e19-s43,friday,stage,IMPACT,INITIAL_ACCESS,0
m1v2-e19-s43,friday,stage,IMPACT,LATERAL_MOVEMENT,0
m1v2-e19-s43,friday,stage,IMPACT,COMMAND_AND_CONTROL,0
m1v2-e19-s43,friday,stage,IMPACT,EXFILTRATION,0
m1v2-e19-s43,friday,stage,IMPACT,IMPACT,40
m1v2-e19-s43,monday,stage,BENIGN,BENIGN,888
m1v2-e19-s43,monday,stage,BENIGN,RECONNAISSANCE,11
m1v2-e19-s43,monday,stage,BENIGN,INITIAL_ACCESS,47
m1v2-e19-s43,monday,stage,BENIGN,LATERAL_MOVEMENT,8
m1v2-e19-s43,monday,stage,BENIGN,COMMAND_AND_CONTROL,20
m1v2-e19-s43,monday,stage,BENIGN,EXFILTRATION,0
m1v2-e19-s43,monday,stage,BENIGN,IMPACT,0
m1v2-e19-s43,monday,stage,RECONNAISSANCE,BENIGN,0
m1v2-e19-s43,monday,stage,RECONNAISSANCE,RECONNAISSANCE,0
m1v2-e19-s43,monday,stage,RECONNAISSANCE,INITIAL_ACCESS,0
m1v2-e19-s43,monday,stage,RECONNAISSANCE,LATERAL_MOVEMENT,0
m1v2-e19-s43,monday,stage,RECONNAISSANCE,COMMAND_AND_CONTROL,0
m1v2-e19-s43,monday,stage,RECONNAISSANCE,EXFILTRATION,0
m1v2-e19-s43,monday,stage,RECONNAISSANCE,IMPACT,0
m1v2-e19-s43,monday,stage,INITIAL_ACCESS,BENIGN,0
m1v2-e19-s43,monday,stage,INITIAL_ACCESS,RECONNAISSANCE,0
m1v2-e19-s43,monday,stage,INITIAL_ACCESS,INITIAL_ACCESS,0
m1v2-e19-s43,monday,stage,INITIAL_ACCESS,LATERAL_MOVEMENT,0
m1v2-e19-s43,monday,stage,INITIAL_ACCESS,COMMAND_AND_CONTROL,0
m1v2-e19-s43,monday,stage,INITIAL_ACCESS,EXFILTRATION,0
m1v2-e19-s43,monday,stage,INITIAL_ACCESS,IMPACT,0
m1v2-e19-s43,monday,stage,LATERAL_MOVEMENT,BENIGN,0
m1v2-e19-s43,monday,stage,LATERAL_MOVEMENT,RECONNAISSANCE,0
m1v2-e19-s43,monday,stage,LATERAL_MOVEMENT,INITIAL_ACCESS,0
m1v2-e19-s43,monday,stage,LATERAL_MOVEMENT,LATERAL_MOVEMENT,0
m1v2-e19-s43,monday,stage,LATERAL_MOVEMENT,COMMAND_AND_CONTROL,0
m1v2-e19-s43,monday,stage,LATERAL_MOVEMENT,EXFILTRATION,0
m1v2-e19-s43,monday,stage,LATERAL_MOVEMENT,IMPACT,0
m1v2-e19-s43,monday,stage,COMMAND_AND_CONTROL,BENIGN,0
m1v2-e19-s43,monday,stage,COMMAND_AND_CONTROL,RECONNAISSANCE,0
m1v2-e19-s43,monday,stage,COMMAND_AND_CONTROL,INITIAL_ACCESS,0
m1v2-e19-s43,monday,stage,COMMAND_AND_CONTROL,LATERAL_MOVEMENT,0
m1v2-e19-s43,monday,stage,COMMAND_AND_CONTROL,COMMAND_AND_CONTROL,0
m1v2-e19-s43,monday,stage,COMMAND_AND_CONTROL,EXFILTRATION,0
m1v2-e19-s43,monday,stage,COMMAND_AND_CONTROL,IMPACT,0
m1v2-e19-s43,monday,stage,EXFILTRATION,BENIGN,0
m1v2-e19-s43,monday,stage,EXFILTRATION,RECONNAISSANCE,0
m1v2-e19-s43,monday,stage,EXFILTRATION,INITIAL_ACCESS,0
m1v2-e19-s43,monday,stage,EXFILTRATION,LATERAL_MOVEMENT,0
m1v2-e19-s43,monday,stage,EXFILTRATION,COMMAND_AND_CONTROL,0
m1v2-e19-s43,monday,stage,EXFILTRATION,EXFILTRATION,0
m1v2-e19-s43,monday,stage,EXFILTRATION,IMPACT,0
m1v2-e19-s43,monday,stage,IMPACT,BENIGN,0
m1v2-e19-s43,monday,stage,IMPACT,RECONNAISSANCE,0
m1v2-e19-s43,monday,stage,IMPACT,INITIAL_ACCESS,0
m1v2-e19-s43,monday,stage,IMPACT,LATERAL_MOVEMENT,0
m1v2-e19-s43,monday,stage,IMPACT,COMMAND_AND_CONTROL,0
m1v2-e19-s43,monday,stage,IMPACT,EXFILTRATION,0
m1v2-e19-s43,monday,stage,IMPACT,IMPACT,0
m1v2-e19-s43,thursday,stage,BENIGN,BENIGN,721
m1v2-e19-s43,thursday,stage,BENIGN,RECONNAISSANCE,12
m1v2-e19-s43,thursday,stage,BENIGN,INITIAL_ACCESS,0
m1v2-e19-s43,thursday,stage,BENIGN,LATERAL_MOVEMENT,0
m1v2-e19-s43,thursday,stage,BENIGN,COMMAND_AND_CONTROL,0
m1v2-e19-s43,thursday,stage,BENIGN,EXFILTRATION,0
m1v2-e19-s43,thursday,stage,BENIGN,IMPACT,3
m1v2-e19-s43,thursday,stage,RECONNAISSANCE,BENIGN,1
m1v2-e19-s43,thursday,stage,RECONNAISSANCE,RECONNAISSANCE,1
m1v2-e19-s43,thursday,stage,RECONNAISSANCE,INITIAL_ACCESS,0
m1v2-e19-s43,thursday,stage,RECONNAISSANCE,LATERAL_MOVEMENT,0
m1v2-e19-s43,thursday,stage,RECONNAISSANCE,COMMAND_AND_CONTROL,0
m1v2-e19-s43,thursday,stage,RECONNAISSANCE,EXFILTRATION,0
m1v2-e19-s43,thursday,stage,RECONNAISSANCE,IMPACT,0
m1v2-e19-s43,thursday,stage,INITIAL_ACCESS,BENIGN,110
m1v2-e19-s43,thursday,stage,INITIAL_ACCESS,RECONNAISSANCE,3
m1v2-e19-s43,thursday,stage,INITIAL_ACCESS,INITIAL_ACCESS,9
m1v2-e19-s43,thursday,stage,INITIAL_ACCESS,LATERAL_MOVEMENT,0
m1v2-e19-s43,thursday,stage,INITIAL_ACCESS,COMMAND_AND_CONTROL,0
m1v2-e19-s43,thursday,stage,INITIAL_ACCESS,EXFILTRATION,0
m1v2-e19-s43,thursday,stage,INITIAL_ACCESS,IMPACT,4
m1v2-e19-s43,thursday,stage,LATERAL_MOVEMENT,BENIGN,30
m1v2-e19-s43,thursday,stage,LATERAL_MOVEMENT,RECONNAISSANCE,69
m1v2-e19-s43,thursday,stage,LATERAL_MOVEMENT,INITIAL_ACCESS,0
m1v2-e19-s43,thursday,stage,LATERAL_MOVEMENT,LATERAL_MOVEMENT,0
m1v2-e19-s43,thursday,stage,LATERAL_MOVEMENT,COMMAND_AND_CONTROL,0
m1v2-e19-s43,thursday,stage,LATERAL_MOVEMENT,EXFILTRATION,0
m1v2-e19-s43,thursday,stage,LATERAL_MOVEMENT,IMPACT,9
m1v2-e19-s43,thursday,stage,COMMAND_AND_CONTROL,BENIGN,0
m1v2-e19-s43,thursday,stage,COMMAND_AND_CONTROL,RECONNAISSANCE,0
m1v2-e19-s43,thursday,stage,COMMAND_AND_CONTROL,INITIAL_ACCESS,0
m1v2-e19-s43,thursday,stage,COMMAND_AND_CONTROL,LATERAL_MOVEMENT,0
m1v2-e19-s43,thursday,stage,COMMAND_AND_CONTROL,COMMAND_AND_CONTROL,0
m1v2-e19-s43,thursday,stage,COMMAND_AND_CONTROL,EXFILTRATION,0
m1v2-e19-s43,thursday,stage,COMMAND_AND_CONTROL,IMPACT,0
m1v2-e19-s43,thursday,stage,EXFILTRATION,BENIGN,0
m1v2-e19-s43,thursday,stage,EXFILTRATION,RECONNAISSANCE,0
m1v2-e19-s43,thursday,stage,EXFILTRATION,INITIAL_ACCESS,0
m1v2-e19-s43,thursday,stage,EXFILTRATION,LATERAL_MOVEMENT,0
m1v2-e19-s43,thursday,stage,EXFILTRATION,COMMAND_AND_CONTROL,0
m1v2-e19-s43,thursday,stage,EXFILTRATION,EXFILTRATION,0
m1v2-e19-s43,thursday,stage,EXFILTRATION,IMPACT,0
m1v2-e19-s43,thursday,stage,IMPACT,BENIGN,0
m1v2-e19-s43,thursday,stage,IMPACT,RECONNAISSANCE,0
m1v2-e19-s43,thursday,stage,IMPACT,INITIAL_ACCESS,0
m1v2-e19-s43,thursday,stage,IMPACT,LATERAL_MOVEMENT,0
m1v2-e19-s43,thursday,stage,IMPACT,COMMAND_AND_CONTROL,0
m1v2-e19-s43,thursday,stage,IMPACT,EXFILTRATION,0
m1v2-e19-s43,thursday,stage,IMPACT,IMPACT,0
m1v2-e19-s43,tuesday,stage,BENIGN,BENIGN,678
m1v2-e19-s43,tuesday,stage,BENIGN,RECONNAISSANCE,45
m1v2-e19-s43,tuesday,stage,BENIGN,INITIAL_ACCESS,1
m1v2-e19-s43,tuesday,stage,BENIGN,LATERAL_MOVEMENT,0
m1v2-e19-s43,tuesday,stage,BENIGN,COMMAND_AND_CONTROL,0
m1v2-e19-s43,tuesday,stage,BENIGN,EXFILTRATION,0
m1v2-e19-s43,tuesday,stage,BENIGN,IMPACT,0
m1v2-e19-s43,tuesday,stage,RECONNAISSANCE,BENIGN,0
m1v2-e19-s43,tuesday,stage,RECONNAISSANCE,RECONNAISSANCE,0
m1v2-e19-s43,tuesday,stage,RECONNAISSANCE,INITIAL_ACCESS,0
m1v2-e19-s43,tuesday,stage,RECONNAISSANCE,LATERAL_MOVEMENT,0
m1v2-e19-s43,tuesday,stage,RECONNAISSANCE,COMMAND_AND_CONTROL,0
m1v2-e19-s43,tuesday,stage,RECONNAISSANCE,EXFILTRATION,0
m1v2-e19-s43,tuesday,stage,RECONNAISSANCE,IMPACT,0
m1v2-e19-s43,tuesday,stage,INITIAL_ACCESS,BENIGN,101
m1v2-e19-s43,tuesday,stage,INITIAL_ACCESS,RECONNAISSANCE,52
m1v2-e19-s43,tuesday,stage,INITIAL_ACCESS,INITIAL_ACCESS,83
m1v2-e19-s43,tuesday,stage,INITIAL_ACCESS,LATERAL_MOVEMENT,0
m1v2-e19-s43,tuesday,stage,INITIAL_ACCESS,COMMAND_AND_CONTROL,9
m1v2-e19-s43,tuesday,stage,INITIAL_ACCESS,EXFILTRATION,0
m1v2-e19-s43,tuesday,stage,INITIAL_ACCESS,IMPACT,7
m1v2-e19-s43,tuesday,stage,LATERAL_MOVEMENT,BENIGN,0
m1v2-e19-s43,tuesday,stage,LATERAL_MOVEMENT,RECONNAISSANCE,0
m1v2-e19-s43,tuesday,stage,LATERAL_MOVEMENT,INITIAL_ACCESS,0
m1v2-e19-s43,tuesday,stage,LATERAL_MOVEMENT,LATERAL_MOVEMENT,0
m1v2-e19-s43,tuesday,stage,LATERAL_MOVEMENT,COMMAND_AND_CONTROL,0
m1v2-e19-s43,tuesday,stage,LATERAL_MOVEMENT,EXFILTRATION,0
m1v2-e19-s43,tuesday,stage,LATERAL_MOVEMENT,IMPACT,0
m1v2-e19-s43,tuesday,stage,COMMAND_AND_CONTROL,BENIGN,0
m1v2-e19-s43,tuesday,stage,COMMAND_AND_CONTROL,RECONNAISSANCE,0
m1v2-e19-s43,tuesday,stage,COMMAND_AND_CONTROL,INITIAL_ACCESS,0
m1v2-e19-s43,tuesday,stage,COMMAND_AND_CONTROL,LATERAL_MOVEMENT,0
m1v2-e19-s43,tuesday,stage,COMMAND_AND_CONTROL,COMMAND_AND_CONTROL,0
m1v2-e19-s43,tuesday,stage,COMMAND_AND_CONTROL,EXFILTRATION,0
m1v2-e19-s43,tuesday,stage,COMMAND_AND_CONTROL,IMPACT,0
m1v2-e19-s43,tuesday,stage,EXFILTRATION,BENIGN,0
m1v2-e19-s43,tuesday,stage,EXFILTRATION,RECONNAISSANCE,0
m1v2-e19-s43,tuesday,stage,EXFILTRATION,INITIAL_ACCESS,0
m1v2-e19-s43,tuesday,stage,EXFILTRATION,LATERAL_MOVEMENT,0
m1v2-e19-s43,tuesday,stage,EXFILTRATION,COMMAND_AND_CONTROL,0
m1v2-e19-s43,tuesday,stage,EXFILTRATION,EXFILTRATION,0
m1v2-e19-s43,tuesday,stage,EXFILTRATION,IMPACT,0
m1v2-e19-s43,tuesday,stage,IMPACT,BENIGN,0
m1v2-e19-s43,tuesday,stage,IMPACT,RECONNAISSANCE,0
m1v2-e19-s43,tuesday,stage,IMPACT,INITIAL_ACCESS,0
m1v2-e19-s43,tuesday,stage,IMPACT,LATERAL_MOVEMENT,0
m1v2-e19-s43,tuesday,stage,IMPACT,COMMAND_AND_CONTROL,0
m1v2-e19-s43,tuesday,stage,IMPACT,EXFILTRATION,0
m1v2-e19-s43,tuesday,stage,IMPACT,IMPACT,0
m1v2-e19-s43,wednesday,stage,BENIGN,BENIGN,733
m1v2-e19-s43,wednesday,stage,BENIGN,RECONNAISSANCE,8
m1v2-e19-s43,wednesday,stage,BENIGN,INITIAL_ACCESS,65
m1v2-e19-s43,wednesday,stage,BENIGN,LATERAL_MOVEMENT,4
m1v2-e19-s43,wednesday,stage,BENIGN,COMMAND_AND_CONTROL,28
m1v2-e19-s43,wednesday,stage,BENIGN,EXFILTRATION,0
m1v2-e19-s43,wednesday,stage,BENIGN,IMPACT,22
m1v2-e19-s43,wednesday,stage,RECONNAISSANCE,BENIGN,0
m1v2-e19-s43,wednesday,stage,RECONNAISSANCE,RECONNAISSANCE,0
m1v2-e19-s43,wednesday,stage,RECONNAISSANCE,INITIAL_ACCESS,0
m1v2-e19-s43,wednesday,stage,RECONNAISSANCE,LATERAL_MOVEMENT,0
m1v2-e19-s43,wednesday,stage,RECONNAISSANCE,COMMAND_AND_CONTROL,0
m1v2-e19-s43,wednesday,stage,RECONNAISSANCE,EXFILTRATION,0
m1v2-e19-s43,wednesday,stage,RECONNAISSANCE,IMPACT,0
m1v2-e19-s43,wednesday,stage,INITIAL_ACCESS,BENIGN,2
m1v2-e19-s43,wednesday,stage,INITIAL_ACCESS,RECONNAISSANCE,0
m1v2-e19-s43,wednesday,stage,INITIAL_ACCESS,INITIAL_ACCESS,1
m1v2-e19-s43,wednesday,stage,INITIAL_ACCESS,LATERAL_MOVEMENT,0
m1v2-e19-s43,wednesday,stage,INITIAL_ACCESS,COMMAND_AND_CONTROL,6
m1v2-e19-s43,wednesday,stage,INITIAL_ACCESS,EXFILTRATION,0
m1v2-e19-s43,wednesday,stage,INITIAL_ACCESS,IMPACT,13
m1v2-e19-s43,wednesday,stage,LATERAL_MOVEMENT,BENIGN,0
m1v2-e19-s43,wednesday,stage,LATERAL_MOVEMENT,RECONNAISSANCE,0
m1v2-e19-s43,wednesday,stage,LATERAL_MOVEMENT,INITIAL_ACCESS,0
m1v2-e19-s43,wednesday,stage,LATERAL_MOVEMENT,LATERAL_MOVEMENT,0
m1v2-e19-s43,wednesday,stage,LATERAL_MOVEMENT,COMMAND_AND_CONTROL,0
m1v2-e19-s43,wednesday,stage,LATERAL_MOVEMENT,EXFILTRATION,0
m1v2-e19-s43,wednesday,stage,LATERAL_MOVEMENT,IMPACT,0
m1v2-e19-s43,wednesday,stage,COMMAND_AND_CONTROL,BENIGN,0
m1v2-e19-s43,wednesday,stage,COMMAND_AND_CONTROL,RECONNAISSANCE,0
m1v2-e19-s43,wednesday,stage,COMMAND_AND_CONTROL,INITIAL_ACCESS,0
m1v2-e19-s43,wednesday,stage,COMMAND_AND_CONTROL,LATERAL_MOVEMENT,0
m1v2-e19-s43,wednesday,stage,COMMAND_AND_CONTROL,COMMAND_AND_CONTROL,0
m1v2-e19-s43,wednesday,stage,COMMAND_AND_CONTROL,EXFILTRATION,0
m1v2-e19-s43,wednesday,stage,COMMAND_AND_CONTROL,IMPACT,0
m1v2-e19-s43,wednesday,stage,EXFILTRATION,BENIGN,0
m1v2-e19-s43,wednesday,stage,EXFILTRATION,RECONNAISSANCE,0
m1v2-e19-s43,wednesday,stage,EXFILTRATION,INITIAL_ACCESS,0
m1v2-e19-s43,wednesday,stage,EXFILTRATION,LATERAL_MOVEMENT,0
m1v2-e19-s43,wednesday,stage,EXFILTRATION,COMMAND_AND_CONTROL,0
m1v2-e19-s43,wednesday,stage,EXFILTRATION,EXFILTRATION,0
m1v2-e19-s43,wednesday,stage,EXFILTRATION,IMPACT,0
m1v2-e19-s43,wednesday,stage,IMPACT,BENIGN,34
m1v2-e19-s43,wednesday,stage,IMPACT,RECONNAISSANCE,0
m1v2-e19-s43,wednesday,stage,IMPACT,INITIAL_ACCESS,51
m1v2-e19-s43,wednesday,stage,IMPACT,LATERAL_MOVEMENT,0
m1v2-e19-s43,wednesday,stage,IMPACT,COMMAND_AND_CONTROL,0
m1v2-e19-s43,wednesday,stage,IMPACT,EXFILTRATION,0
m1v2-e19-s43,wednesday,stage,IMPACT,IMPACT,50
