experiment,model,target,threshold_mode,test_day,base_rate,threshold,precision,recall,f1,fpr,pr_auc,roc_auc,positives,n,episodes,warned_early,mean_lead_windows,mean_lead_seconds
E6,world-model,forecast,train-tuned,monday,0.0,0.6274,0.0,0.0,0.0,0.039,,,0,974,0.0,0.0,0.0,0.0
E6,world-model,forecast,alert-budget-5pct,monday,0.0,0.9714,0.0,0.0,0.0,0.001,,,0,974,0.0,0.0,0.0,0.0
E6,world-model,forecast,oracle,monday,0.0,0.01,0.0,0.0,0.0,0.115,,,0,974,0.0,0.0,0.0,0.0
E6,world-model,forecast,train-tuned,tuesday,0.0,0.7352,0.0,0.0,0.0,0.1701,,,0,976,0.0,0.0,0.0,0.0
E6,world-model,forecast,alert-budget-5pct,tuesday,0.0,0.9539,0.0,0.0,0.0,0.0174,,,0,976,0.0,0.0,0.0,0.0
E6,world-model,forecast,oracle,tuesday,0.0,0.01,0.0,0.0,0.0,0.3811,,,0,976,0.0,0.0,0.0,0.0
E6,world-model,escalation,oracle,tuesday,0.0307,0.0982,0.0703,0.8667,0.13,0.3636,0.05,0.7146,30,976,,,,
E6,world-model,forecast,train-tuned,wednesday,0.0,0.9018,0.0,0.0,0.0,0.0197,,,0,1017,0.0,0.0,0.0,0.0
E6,world-model,forecast,alert-budget-5pct,wednesday,0.0,0.9674,0.0,0.0,0.0,0.002,,,0,1017,0.0,0.0,0.0,0.0
E6,world-model,forecast,oracle,wednesday,0.0,0.01,0.0,0.0,0.0,0.2006,,,0,1017,0.0,0.0,0.0,0.0
E6,world-model,escalation,oracle,wednesday,0.0492,0.2746,0.1651,0.7,0.2672,0.183,0.1077,0.7636,50,1017,,,,
E6,world-model,forecast,train-tuned,thursday,0.1708,0.8724,0.0,0.0,0.0,0.0025,0.1936,0.5535,166,972,4.0,0.0,0.0,0.0
E6,world-model,forecast,alert-budget-5pct,thursday,0.1708,0.0807,0.0,0.0,0.0,0.0211,0.1936,0.5535,166,972,4.0,0.0,0.0,0.0
E6,world-model,forecast,oracle,thursday,0.1708,0.01,0.0,0.0,0.0,0.0571,0.1936,0.5535,166,972,4.0,0.0,0.0,0.0
E6,world-model,escalation,oracle,thursday,0.2037,0.01,0.2799,0.4141,0.334,0.2726,0.2685,0.6073,198,972,,,,
E6,world-model,forecast,train-tuned,friday,0.1312,0.7646,0.0,0.0,0.0,0.1046,0.1301,0.541,127,968,1.0,0.0,0.0,0.0
E6,world-model,forecast,alert-budget-5pct,friday,0.1312,0.3506,0.0,0.0,0.0,0.1451,0.1301,0.541,127,968,1.0,0.0,0.0,0.0
E6,world-model,forecast,oracle,friday,0.1312,0.01,0.0504,0.1102,0.0691,0.3139,0.1301,0.541,127,968,1.0,0.0,0.0,0.0
E6,world-model,escalation,oracle,friday,0.1012,0.2648,0.1579,0.551,0.2455,0.331,0.1251,0.5829,98,968,,,,
