test_day,epoch,total,recon,kl,kl_raw,stage,compromise,imagine_compromise,imagine_stage,imagine_recon,precursor,imagine_precursor,hostile_stage,curriculum
monday,0,20.6915,0.4707,1.0,0.2967,1.9264,1.2672,1.2731,1.9379,0.9578,0.0,0.0,1.7668,7.7472
monday,1,19.1211,0.4682,1.0,0.5679,1.856,1.0828,1.1056,1.8909,0.9536,0.0,0.0,1.7273,7.1882
monday,2,17.6793,0.4647,1.0243,0.7767,1.7584,0.905,0.9479,1.8236,0.943,0.0,0.0,1.6555,6.7802
monday,3,16.0327,0.4628,1.0,0.5887,1.5591,0.7995,0.8128,1.6264,0.9412,0.0,0.0,1.492,6.2271
monday,4,15.0591,0.4708,1.0112,0.769,1.3695,0.6827,0.6979,1.4633,0.9448,0.0,0.0,1.307,6.2706
monday,5,13.7283,0.4625,1.0,0.7567,1.1406,0.6157,0.6392,1.2571,0.9345,0.0,0.0,1.1182,5.7949
monday,6,12.6433,0.4714,1.0507,0.7663,0.9448,0.557,0.5523,1.0318,0.9542,0.0,0.0,0.9426,5.518
monday,7,11.7397,0.4828,1.0,0.4737,0.8061,0.4712,0.476,0.9152,0.9929,0.0,0.0,0.8777,5.2522
monday,8,10.5549,0.4643,1.0,0.686,0.6798,0.4161,0.4057,0.7023,0.9497,0.0,0.0,0.705,4.8555
monday,9,9.9364,0.4625,1.002,0.8081,0.586,0.3769,0.369,0.6238,0.9344,0.0,0.0,0.6184,4.6614
monday,10,9.1042,0.4615,1.016,0.7199,0.4779,0.3367,0.3247,0.5113,0.942,0.0,0.0,0.5044,4.3072
monday,11,8.8852,0.4514,1.0006,0.536,0.4381,0.3271,0.3109,0.4583,0.9184,0.0,0.0,0.4158,4.345
monday,12,8.9641,0.4672,1.0266,0.8306,0.4046,0.3282,0.3191,0.4335,0.9508,0.0,0.0,0.4146,4.3834
monday,13,8.6001,0.4656,1.0,0.438,0.3541,0.3137,0.3061,0.3638,0.9476,0.0,0.0,0.3041,4.301
monday,14,8.2572,0.455,1.0,0.4291,0.3279,0.2951,0.2781,0.3535,0.9283,0.0,0.0,0.2761,4.1687
monday,15,8.2918,0.4588,1.0,0.5237,0.3467,0.2928,0.2739,0.3945,0.9328,0.0,0.0,0.2946,4.1544
monday,16,7.8232,0.454,1.0,0.5871,0.2671,0.273,0.2609,0.2891,0.925,0.0,0.0,0.224,3.9801
monday,17,7.7034,0.4546,1.0,0.6264,0.2575,0.2812,0.2641,0.3018,0.9292,0.0,0.0,0.1959,3.8606
monday,18,7.8432,0.4584,1.0,0.6497,0.2564,0.2807,0.2666,0.2593,0.939,0.0,0.0,0.3969,3.8016
monday,19,7.5619,0.4574,1.0,0.674,0.2541,0.2743,0.253,0.3081,0.9412,0.0,0.0,0.1973,3.7502
monday,20,7.483,0.4534,1.0,0.6945,0.2523,0.2624,0.247,0.2801,0.9276,0.0,0.0,0.2018,3.7419
monday,21,7.5584,0.4484,1.0,0.7041,0.2367,0.2634,0.2454,0.2815,0.912,0.0,0.0,0.1962,3.8616
monday,22,7.4428,0.4494,1.0,0.721,0.2373,0.2581,0.2444,0.264,0.9144,0.0,0.0,0.1903,3.77
monday,23,7.7169,0.4647,1.0,0.7287,0.2357,0.2701,0.2543,0.2691,0.9572,0.0,0.0,0.1855,3.9359
monday,24,7.2479,0.4448,1.0,0.7301,0.2369,0.2662,0.2523,0.2666,0.9051,0.0,0.0,0.177,3.5614
tuesday,0,21.5898,0.4568,1.0,0.2774,1.9325,1.3008,1.3018,1.9278,0.9175,0.0,0.0,1.8053,8.5068
tuesday,1,19.4003,0.4637,1.0,0.6566,1.8635,1.1319,1.1772,1.8804,0.9374,0.0,0.0,1.8229,7.0771
tuesday,2,18.0784,0.4589,1.0286,0.6049,1.7737,0.9546,0.997,1.8166,0.9201,0.0,0.0,1.5196,7.0835
tuesday,3,17.0025,0.4555,1.0,0.397,1.7122,0.8168,0.853,1.7575,0.9213,0.0,0.0,1.6225,6.7195
tuesday,4,15.7105,0.4563,1.0,0.5968,1.5012,0.7395,0.7664,1.5353,0.9171,0.0,0.0,1.3625,6.4276
tuesday,5,14.6342,0.446,1.0125,0.6067,1.3283,0.5934,0.633,1.42,0.9014,0.0,0.0,1.3378,6.3188
tuesday,6,13.6825,0.4602,1.0,0.5459,1.1761,0.5473,0.5843,1.2166,0.9355,0.0,0.0,1.1838,5.971
tuesday,7,12.4668,0.4512,1.0957,0.8728,1.0031,0.4422,0.452,1.0005,0.9093,0.0,0.0,1.0639,5.7508
tuesday,8,11.7767,0.4504,1.0,0.625,0.8822,0.401,0.4293,0.8848,0.907,0.0,0.0,0.8548,5.6502
tuesday,9,11.9312,0.4546,1.0148,0.5976,0.8757,0.3924,0.4077,0.7801,0.9235,0.0,0.0,0.9503,5.8218
tuesday,10,10.6283,0.453,1.0,0.3996,0.7118,0.3815,0.3819,0.7414,0.9171,0.0,0.0,0.71,5.057
tuesday,11,9.5233,0.4413,1.0,0.3926,0.5923,0.3114,0.3047,0.5997,0.8874,0.0,0.0,0.5677,4.698
tuesday,12,9.8289,0.4441,1.0,0.4609,0.6013,0.3103,0.2991,0.6022,0.8953,0.0,0.0,0.6197,4.9493
tuesday,13,9.4659,0.4484,1.0,0.5299,0.5341,0.3056,0.3089,0.5749,0.9089,0.0,0.0,0.4847,4.7645
tuesday,14,8.8073,0.4418,1.0,0.6272,0.4639,0.293,0.2747,0.477,0.8948,0.0,0.0,0.4409,4.4171
tuesday,15,8.8569,0.4361,1.0009,0.7342,0.4522,0.2757,0.2782,0.4878,0.8783,0.0,0.0,0.4255,4.5343
tuesday,16,8.5028,0.4419,1.0,0.5368,0.4335,0.275,0.2588,0.4793,0.892,0.0,0.0,0.4071,4.2621
tuesday,17,8.611,0.441,1.0,0.5351,0.4121,0.276,0.2702,0.4218,0.8918,0.0,0.0,0.3844,4.4081
tuesday,18,8.3163,0.4399,1.0,0.5547,0.4023,0.2545,0.2483,0.455,0.881,0.0,0.0,0.3779,4.2337
tuesday,19,8.2386,0.4503,1.0,0.5898,0.387,0.2653,0.2492,0.4117,0.9125,0.0,0.0,0.3682,4.1367
tuesday,20,8.422,0.4367,1.0188,0.6118,0.3524,0.2727,0.2587,0.3575,0.882,0.0,0.0,0.3496,4.3915
tuesday,21,8.4145,0.433,1.0,0.545,0.3689,0.2525,0.244,0.3861,0.8712,0.0,0.0,0.3546,4.4568
tuesday,22,8.3184,0.4365,1.0,0.533,0.3374,0.2626,0.2481,0.3721,0.8748,0.0,0.0,0.3108,4.4035
tuesday,23,8.3381,0.439,1.0,0.5307,0.3687,0.2594,0.2489,0.4116,0.8911,0.0,0.0,0.3386,4.3296
tuesday,24,8.1278,0.4325,1.0,0.5238,0.3729,0.2575,0.2429,0.3953,0.8731,0.0,0.0,0.3834,4.1247
wednesday,0,21.6884,0.4648,1.0,0.2069,1.9341,1.2929,1.293,1.9419,0.9375,0.0,0.0,1.8117,8.6047
wednesday,1,20.2113,0.4693,1.0,0.5233,1.8279,1.1505,1.2443,1.8991,0.9549,0.0,0.0,1.8017,7.674
wednesday,2,18.5843,0.463,1.0758,0.8102,1.8138,0.9646,0.9885,1.8734,0.9335,0.0,0.0,1.6906,7.3142
wednesday,3,17.0217,0.4568,1.0,0.3268,1.6587,0.7861,0.8039,1.707,0.9225,0.0,0.0,1.5573,7.089
wednesday,4,16.0937,0.4698,1.0,0.5458,1.3816,0.6694,0.7299,1.4873,0.9497,0.0,0.0,1.4767,7.0438
wednesday,5,14.8151,0.4637,1.0061,0.6127,1.1945,0.5845,0.6316,1.269,0.938,0.0,0.0,1.2213,6.7961
wednesday,6,13.6104,0.4574,1.0,0.5445,1.0117,0.5097,0.5308,1.0655,0.924,0.0,0.0,0.8798,6.6929
wednesday,7,12.3998,0.4717,1.034,0.7123,0.7514,0.412,0.4059,0.7547,0.9562,0.0,0.0,0.7882,6.4962
wednesday,8,11.6254,0.473,1.0,0.4678,0.6368,0.3837,0.3799,0.6253,0.9468,0.0,0.0,0.6353,6.2136
wednesday,9,10.7044,0.4691,1.0007,0.4377,0.531,0.3349,0.33,0.5582,0.9555,0.0,0.0,0.5531,5.7563
wednesday,10,10.2976,0.4699,1.0,0.4775,0.4623,0.3284,0.3194,0.4622,0.9411,0.0,0.0,0.4711,5.6069
wednesday,11,9.7098,0.4586,1.0,0.6417,0.3676,0.3007,0.2965,0.3984,0.9165,0.0,0.0,0.3551,5.4219
wednesday,12,9.0683,0.4585,1.0,0.7445,0.3066,0.2745,0.2572,0.3265,0.9288,0.0,0.0,0.2843,5.1062
wednesday,13,8.9076,0.4513,1.0164,0.7531,0.291,0.2797,0.2612,0.2972,0.9137,0.0,0.0,0.2752,4.9765
wednesday,14,8.4929,0.4571,1.0,0.4621,0.2441,0.2544,0.2365,0.2762,0.9275,0.0,0.0,0.2114,4.7964
wednesday,15,8.4515,0.4605,1.0,0.4852,0.2647,0.2536,0.2395,0.2731,0.9382,0.0,0.0,0.2746,4.6511
wednesday,16,8.1534,0.4591,1.0,0.521,0.2293,0.2447,0.2223,0.2134,0.9327,0.0,0.0,0.2524,4.5169
wednesday,17,7.8806,0.4473,1.0246,0.5567,0.2067,0.2372,0.2207,0.1917,0.9027,0.0,0.0,0.1446,4.4347
wednesday,18,7.9281,0.4627,1.0,0.496,0.1959,0.2542,0.2287,0.2138,0.9421,0.0,0.0,0.1517,4.3744
wednesday,19,7.9241,0.4566,1.0,0.4876,0.1995,0.2422,0.2269,0.2382,0.9297,0.0,0.0,0.1817,4.3725
wednesday,20,7.7648,0.4591,1.0,0.4773,0.1903,0.2383,0.2153,0.2031,0.9326,0.0,0.0,0.1727,4.2859
wednesday,21,7.7961,0.4604,1.0,0.4963,0.2067,0.2364,0.2168,0.1605,0.9311,0.0,0.0,0.2559,4.2386
wednesday,22,7.8284,0.4543,1.0,0.4909,0.1997,0.2405,0.2181,0.1767,0.9076,0.0,0.0,0.222,4.3211
wednesday,23,7.5024,0.4498,1.0,0.4903,0.1816,0.2316,0.2129,0.2072,0.9074,0.0,0.0,0.1509,4.1072
wednesday,24,7.8602,0.4589,1.0,0.4837,0.1922,0.2307,0.2071,0.1681,0.9297,0.0,0.0,0.3091,4.3034
thursday,0,20.7162,0.444,1.0,0.2765,1.9261,1.2324,1.2246,1.9376,0.9005,0.0,0.0,1.7324,8.1058
thursday,1,18.7384,0.4459,1.0,0.5722,1.8161,1.0173,1.0225,1.8553,0.9056,0.0,0.0,1.6935,7.3476
thursday,2,17.3451,0.4579,1.0498,0.8356,1.6803,0.7899,0.7998,1.7234,0.933,0.0,0.0,1.6934,7.2148
thursday,3,15.8631,0.4536,1.0258,0.7763,1.4633,0.6501,0.6338,1.4782,0.9229,0.0,0.0,1.499,7.0708
thursday,4,14.7962,0.4524,1.0,0.6159,1.199,0.5599,0.5931,1.2466,0.9173,0.0,0.0,1.4539,6.7513
thursday,5,13.0079,0.4458,1.0,0.6245,0.9107,0.5004,0.4861,0.9607,0.9049,0.0,0.0,1.0376,6.2696
thursday,6,11.0485,0.4506,1.0121,0.7082,0.6454,0.3994,0.3794,0.6884,0.9106,0.0,0.0,0.7652,5.4893
thursday,7,10.0832,0.4418,1.0013,0.5853,0.5852,0.3291,0.2963,0.5318,0.8964,0.0,0.0,0.873,4.9732
thursday,8,8.9371,0.452,1.0,0.5081,0.3696,0.2738,0.2464,0.3757,0.925,0.0,0.0,0.4788,4.7371
thursday,9,8.5322,0.4365,1.0,0.6568,0.3073,0.2411,0.2052,0.3303,0.8869,0.0,0.0,0.5387,4.5997
thursday,10,8.0458,0.434,1.0292,0.565,0.2559,0.2386,0.2086,0.3015,0.8813,0.0,0.0,0.291,4.4153
thursday,11,7.6325,0.4344,1.0,0.4328,0.2232,0.213,0.1739,0.2275,0.8824,0.0,0.0,0.1978,4.3332
thursday,12,7.34,0.4309,1.0,0.5229,0.2009,0.1759,0.1595,0.2221,0.8742,0.0,0.0,0.2552,4.1373
thursday,13,7.2388,0.437,1.0,0.5766,0.1665,0.1694,0.1519,0.2088,0.8905,0.0,0.0,0.1391,4.2069
thursday,14,6.9776,0.4293,1.0,0.6683,0.1455,0.169,0.1427,0.1818,0.8712,0.0,0.0,0.0906,4.084
thursday,15,6.7749,0.4363,1.0,0.7232,0.1374,0.1575,0.1374,0.1783,0.8813,0.0,0.0,0.1181,3.8854
thursday,16,6.73,0.4345,1.0012,0.7067,0.1207,0.1553,0.1334,0.1291,0.8819,0.0,0.0,0.0747,3.9426
thursday,17,6.8419,0.4279,1.0,0.4365,0.1236,0.1449,0.125,0.1329,0.8679,0.0,0.0,0.3084,3.8827
thursday,18,6.7339,0.4306,1.0,0.4374,0.1109,0.1462,0.1253,0.1312,0.8748,0.0,0.0,0.1939,3.8899
thursday,19,6.5212,0.4371,1.0,0.4556,0.1103,0.141,0.1255,0.1424,0.8819,0.0,0.0,0.0582,3.8039
thursday,20,6.5291,0.4266,1.0,0.4659,0.1095,0.1461,0.1258,0.1175,0.8663,0.0,0.0,0.0993,3.7992
thursday,21,6.5845,0.4245,1.0,0.4713,0.1057,0.1386,0.1192,0.1177,0.861,0.0,0.0,0.1258,3.8738
thursday,22,6.4462,0.4266,1.0,0.4841,0.1117,0.1375,0.1194,0.1363,0.8648,0.0,0.0,0.0764,3.7654
thursday,23,6.528,0.4326,1.0,0.485,0.1065,0.1388,0.1212,0.1294,0.8811,0.0,0.0,0.057,3.8449
thursday,24,6.5658,0.4297,1.0,0.4916,0.1096,0.1354,0.1194,0.135,0.8727,0.0,0.0,0.068,3.8894
friday,0,22.7814,0.4561,1.0,0.2792,1.9038,1.2895,1.2865,1.9115,0.8921,0.0,0.0,1.8419,9.793
friday,1,20.1992,0.4546,1.0091,0.6787,1.8106,1.1385,1.2158,1.8045,0.8885,0.0,0.0,1.8917,7.8224
friday,2,17.8659,0.4528,1.0018,0.5353,1.7347,0.8721,0.8853,1.7073,0.8902,0.0,0.0,1.7,7.3336
friday,3,16.0818,0.447,1.0,0.5788,1.5722,0.7022,0.6862,1.5087,0.876,0.0,0.0,1.517,6.9522
friday,4,14.3326,0.4486,1.0036,0.6838,1.2911,0.5554,0.558,1.2529,0.8815,0.0,0.0,1.4563,6.3422
friday,5,12.4251,0.4538,1.0,0.6956,1.0102,0.449,0.4304,0.9381,0.889,0.0,0.0,1.057,5.8568
friday,6,11.1667,0.4692,1.0184,0.7732,0.8456,0.3864,0.3709,0.7529,0.9291,0.0,0.0,0.8288,5.323
friday,7,10.1861,0.4479,1.0287,0.5364,0.7489,0.336,0.3113,0.6695,0.8769,0.0,0.0,0.7167,4.9406
friday,8,9.4457,0.4681,1.0,0.395,0.5913,0.3222,0.2704,0.5131,0.9271,0.0,0.0,0.5595,4.6876
friday,9,8.8309,0.4447,1.0,0.5143,0.5528,0.2896,0.2543,0.3694,0.8712,0.0,0.0,0.404,4.5316
friday,10,8.2053,0.4424,1.0,0.6477,0.395,0.266,0.2439,0.3533,0.8663,0.0,0.0,0.2694,4.2917
friday,11,8.0545,0.4447,1.0,0.8106,0.3378,0.2715,0.2335,0.2836,0.8726,0.0,0.0,0.3531,4.1611
friday,12,7.6846,0.4417,1.0034,0.5964,0.3172,0.2423,0.2066,0.2645,0.8659,0.0,0.0,0.2882,4.0335
friday,13,7.4598,0.4506,1.0,0.4507,0.3055,0.2317,0.2022,0.238,0.8778,0.0,0.0,0.2072,3.9299
friday,14,7.1974,0.4423,1.0105,0.4917,0.2266,0.2232,0.1974,0.2052,0.8678,0.0,0.0,0.1443,3.8699
friday,15,7.1135,0.441,1.0,0.4026,0.2012,0.217,0.1899,0.1823,0.8644,0.0,0.0,0.2065,3.8056
friday,16,7.0876,0.4373,1.0,0.4169,0.2447,0.2284,0.1837,0.2024,0.857,0.0,0.0,0.1951,3.7443
friday,17,6.8957,0.4415,1.0,0.4508,0.1804,0.2117,0.1822,0.1976,0.8679,0.0,0.0,0.1532,3.6839
friday,18,6.8606,0.4614,1.0,0.4757,0.1862,0.2131,0.1805,0.1854,0.8939,0.0,0.0,0.1372,3.6214
friday,19,6.7891,0.4495,1.0,0.5071,0.1717,0.203,0.177,0.1599,0.8755,0.0,0.0,0.1614,3.6141
friday,20,6.6696,0.4377,1.0,0.5073,0.1721,0.2014,0.1703,0.1587,0.8591,0.0,0.0,0.1343,3.5733
friday,21,6.7292,0.4461,1.0,0.5316,0.1759,0.2106,0.1813,0.1688,0.8782,0.0,0.0,0.1126,3.5669
friday,22,6.7201,0.4381,1.0,0.5423,0.1742,0.2235,0.188,0.1522,0.8587,0.0,0.0,0.1143,3.5477
friday,23,6.6842,0.4397,1.0,0.5355,0.1789,0.2099,0.1806,0.1648,0.8615,0.0,0.0,0.1113,3.5488
friday,24,6.7125,0.44,1.0,0.541,0.1726,0.213,0.181,0.1664,0.855,0.0,0.0,0.1315,3.5614
