scenario,family,decides,windows,background,statistic,roc_global,roc_perhost_max,roc_oracle_bot,roc_hostlevel_bot_vs_other_hosts,wm_roc_e25b_s42_s43_s44,lr_roc_e25b,meets_rule
s08,Murlo,True,2339,89,flows,0.3377,0.343,0.9262,0.284,0.204 / 0.137 / 0.157,0.5896,False
s08,Murlo,True,2339,89,dst_ports,0.3414,0.5081,0.9466,0.3676,0.204 / 0.137 / 0.157,0.5896,False
s08,Murlo,True,2339,89,dst_ips,0.3148,0.4799,0.9305,0.3973,0.204 / 0.137 / 0.157,0.5896,False
s08,Murlo,True,2339,89,bytes,0.3245,0.328,0.9551,0.4065,0.204 / 0.137 / 0.157,0.5896,False
s08,Murlo,True,2339,89,syn_unanswered,0.5503,0.5745,0.5528,0.5393,0.204 / 0.137 / 0.157,0.5896,False
s07,Sogou,True,44,26,flows,0.797,0.4989,0.7404,0.5527,0.015 / 0.156 / 0.177,0.7372,False
s07,Sogou,True,44,26,dst_ports,0.9231,0.8536,0.7382,0.5188,0.015 / 0.156 / 0.177,0.7372,False
s07,Sogou,True,44,26,dst_ips,0.9124,0.859,0.7393,0.581,0.015 / 0.156 / 0.177,0.7372,False
s07,Sogou,True,44,26,bytes,0.8056,0.7618,0.7404,0.5902,0.015 / 0.156 / 0.177,0.7372,False
s07,Sogou,True,44,26,syn_unanswered,0.6004,0.5684,0.5556,0.578,0.015 / 0.156 / 0.177,0.7372,False
s11,Rbot,True,34,20,flows,0.4393,0.4982,0.4286,0.7012,0.082 / 0.054 / 0.054,0.5179,False
s11,Rbot,True,34,20,dst_ports,0.3786,0.5321,0.4518,0.6702,0.082 / 0.054 / 0.054,0.5179,False
s11,Rbot,True,34,20,dst_ips,0.4679,0.4589,0.5036,0.3953,0.082 / 0.054 / 0.054,0.5179,False
s11,Rbot,True,34,20,bytes,0.3929,0.5214,0.4214,0.7238,0.082 / 0.054 / 0.054,0.5179,False
s11,Rbot,True,34,20,syn_unanswered,0.5179,0.5964,0.5,0.4666,0.082 / 0.054 / 0.054,0.5179,False
s02,Neris,False,505,78,flows,0.2722,0.3353,0.9726,0.87,0.597 / 0.425 / 0.413,0.5712,False
s02,Neris,False,505,78,dst_ports,0.2559,0.2176,0.9721,0.8867,0.597 / 0.425 / 0.413,0.5712,False
s02,Neris,False,505,78,dst_ips,0.3047,0.2158,0.9741,0.947,0.597 / 0.425 / 0.413,0.5712,False
s02,Neris,False,505,78,bytes,0.5129,0.5389,0.9711,0.745,0.597 / 0.425 / 0.413,0.5712,False
s02,Neris,False,505,78,syn_unanswered,0.8862,0.7811,0.9626,0.9822,0.597 / 0.425 / 0.413,0.5712,False
s13,Virut,False,1967,9,flows,0.2215,0.2436,0.809,0.8774,0.439 / 0.302 / 0.313,0.9911,False
s13,Virut,False,1967,9,dst_ports,0.2373,0.3963,0.803,0.7669,0.439 / 0.302 / 0.313,0.9911,False
s13,Virut,False,1967,9,dst_ips,0.2221,0.3817,0.8027,0.7727,0.439 / 0.302 / 0.313,0.9911,False
s13,Virut,False,1967,9,bytes,0.2755,0.2536,0.8382,0.7729,0.439 / 0.302 / 0.313,0.9911,False
s13,Virut,False,1967,9,syn_unanswered,0.5121,0.3421,0.6887,0.8444,0.439 / 0.302 / 0.313,0.9911,False
s12,NSIS.ay,False,208,72,flows,0.875,0.9272,0.9218,0.5375,0.985 / 0.979 / 0.985,0.9574,False
s12,NSIS.ay,False,208,72,dst_ports,0.8662,0.8717,0.9212,0.7103,0.985 / 0.979 / 0.985,0.9574,False
s12,NSIS.ay,False,208,72,dst_ips,0.8714,0.884,0.9216,0.6758,0.985 / 0.979 / 0.985,0.9574,False
s12,NSIS.ay,False,208,72,bytes,0.8878,0.8855,0.9237,0.4203,0.985 / 0.979 / 0.985,0.9574,False
s12,NSIS.ay,False,208,72,syn_unanswered,0.909,0.8974,0.5257,0.4773,0.985 / 0.979 / 0.985,0.9574,False
