model,run,thursday_comp_pr_auc,thursday_causal_f1,thursday_causal_alarm_rate,friday_comp_pr_auc,friday_causal_f1,friday_causal_alarm_rate,S1_precision,S1_fpr,S4_tuesday,S3_tuesday,S4_wednesday,S3_wednesday,S4_thursday,S3_thursday,S4_friday,S3_friday,S2_0-2min,S2_n_0-2min,comp_S2_0-2min,S2_2-4min,S2_n_2-4min,comp_S2_2-4min,S2_4-6min,S2_n_4-6min,comp_S2_4-6min,S2_6-10min,S2_n_6-10min,comp_S2_6-10min,S2_star,diag_S2_star_isolated,diag_isolated_onsets,S4_worst_day,S3_warned,S3_folds_above_p95,S3_fisher_p,S3_passes,rollout_gain_thursday,rollout_gain_friday
E19,m1v2-e19-s42,0.4298,0.4805,0.1461,0.1417,0.1679,0.1395,0.3466,0.1099,0.7492,1/3 p=0.494,0.8285,0/1 p=1.000,0.609,0/8 p=1.000,0.5718,2/7 p=0.631,0.6752,76,0.6297,0.6672,74,0.6163,0.6483,67,0.6808,0.5855,124,0.6842,0.6337,0.6091,13,0.5718,3/19,0,0.9691,False,0.1554039951438218,0.14445828360184443
E19,m1v2-e19-s43,0.465,0.4889,0.1533,0.1111,0.1433,0.1715,0.3111,0.1318,0.7471,1/3 p=0.593,0.6425,0/1 p=1.000,0.7276,0/8 p=1.000,0.6011,3/7 p=0.276,0.7052,76,0.4948,0.6975,74,0.3878,0.6964,67,0.386,0.6461,124,0.493,0.68,0.6585,13,0.6011,4/19,0,0.8895,False,0.1742546241226094,0.1486904990776897
E19,m1v2-e19-s44,0.4068,0.5732,0.1523,0.1082,0.0075,0.1426,0.3182,0.1184,0.7736,2/3 p=0.046,0.5771,0/1 p=1.000,0.5241,0/8 p=1.000,0.7126,3/7 p=0.318,0.6788,76,0.5731,0.7181,74,0.5995,0.6226,67,0.6319,0.5753,124,0.6182,0.6387,0.6243,13,0.5241,5/19,1,0.3909,False,0.15710424455134925,0.13878805602842803
E20r,m1v2-e20r-s42,0.4177,0.5333,0.1687,0.1661,0.2848,0.1952,0.3768,0.1336,0.6563,1/3 p=0.629,0.7444,0/1 p=1.000,0.6329,1/8 p=0.779,0.6333,2/7 p=0.375,0.6868,76,0.6958,0.6794,74,0.6585,0.6542,67,0.6752,0.6001,124,0.6575,0.6446,0.622,13,0.6329,4/19,0,0.9078,False,0.16076037471367866,0.2436955683231494
E20r,m1v2-e20r-s43,0.5624,0.6234,0.1461,0.1038,0.0212,0.1612,0.3322,0.1208,0.718,1/3 p=0.513,0.7344,0/1 p=1.000,0.5634,1/8 p=0.788,0.5529,3/7 p=0.190,0.6755,76,0.6366,0.6645,74,0.6463,0.5996,67,0.5678,0.5272,124,0.4555,0.5971,0.6085,13,0.5529,5/19,0,0.7435,False,0.16793762572478405,0.2528358464218719
E20r,m1v2-e20r-s44,0.7104,0.6968,0.1481,0.1231,0.1554,0.1746,0.4185,0.1105,0.8383,1/3 p=0.388,0.6954,0/1 p=1.000,0.6796,1/8 p=0.802,0.6162,2/7 p=0.358,0.6756,76,0.6846,0.6885,74,0.6469,0.7016,67,0.6492,0.6644,124,0.6234,0.6848,0.6654,13,0.6162,4/19,0,0.8208,False,0.1676438078284263,0.24515977271230938
E20rw,m1v2-n8-e20rw-s42,0.4088,0.5325,0.177,0.1624,0.1498,0.186,0.321,0.1451,0.6875,2/3 p=0.108,0.7646,0/1 p=1.000,0.6438,1/8 p=0.841,0.6471,2/7 p=0.608,0.6705,76,0.7264,0.6863,74,0.724,0.6872,67,0.6966,0.6085,124,0.6472,0.6607,0.655,13,0.6438,5/19,0,0.6714,False,0.16140612367154503,0.24178771996825044
E20rw,m1v2-n8-e20rw-s43,0.5419,0.6226,0.1564,0.1056,0.0,0.1508,0.3322,0.1208,0.7064,1/3 p=0.465,0.7193,0/1 p=1.000,0.6573,1/8 p=0.816,0.5391,2/7 p=0.375,0.6961,76,0.6443,0.6824,74,0.6716,0.6403,67,0.5974,0.5577,124,0.4819,0.6268,0.6385,13,0.5391,4/19,0,0.8663,False,0.16559412337345672,0.25262845239712534
E20rw,m1v2-n8-e20rw-s44,0.7261,0.6883,0.1461,0.1292,0.1678,0.1643,0.4319,0.1038,0.819,2/3 p=0.020,0.729,0/1 p=1.000,0.6792,2/8 p=0.456,0.6395,2/7 p=0.509,0.6941,76,0.7237,0.7121,74,0.6685,0.7071,67,0.6754,0.6553,124,0.6339,0.6915,0.6732,13,0.6395,6/19,1,0.2165,False,0.16553727535306573,0.24973628820988253
E20rw mean,n8-e20rw-mean,0.5138,0.5826,0.1718,0.1372,0.1189,0.1643,0.3497,0.1287,0.7726,2/3 p=0.074,0.7444,0/1 p=1.000,0.6913,1/8 p=0.827,0.5985,2/7 p=0.483,0.7144,76,0.751,0.7264,74,0.7498,0.6938,67,0.6915,0.6059,124,0.6128,0.6754,0.6659,13,0.5985,5/19,0,0.5319,False,,
