checkpoint,day,windows,pos_mode,max_abs_diff,passes
models/m1v2-n8-e20rw-s42/friday.pt,friday,968,window,0.0,True
models/m1v2-n8-e20rw-s42/monday.pt,monday,974,window,0.0,True
models/m1v2-n8-e20rw-s42/thursday.pt,thursday,972,window,0.0,True
models/m1v2-n8-e20rw-s42/tuesday.pt,tuesday,976,window,0.0,True
models/m1v2-n8-e20rw-s42/wednesday.pt,wednesday,1017,window,0.0,True
models/m1v2-n8-e20rw-s43/friday.pt,friday,968,window,0.0,True
models/m1v2-n8-e20rw-s43/monday.pt,monday,974,window,2.3283064365386963e-10,True
models/m1v2-n8-e20rw-s43/thursday.pt,thursday,972,window,0.0,True
models/m1v2-n8-e20rw-s43/tuesday.pt,tuesday,976,window,0.0,True
models/m1v2-n8-e20rw-s43/wednesday.pt,wednesday,1017,window,0.0,True
models/m1v2-n8-e20rw-s44/friday.pt,friday,968,window,0.0,True
models/m1v2-n8-e20rw-s44/monday.pt,monday,974,window,0.0,True
models/m1v2-n8-e20rw-s44/thursday.pt,thursday,972,window,0.0,True
models/m1v2-n8-e20rw-s44/tuesday.pt,tuesday,976,window,0.0,True
models/m1v2-n8-e20rw-s44/wednesday.pt,wednesday,1017,window,0.0,True
models/n8-r2w-s42/friday.pt,friday,968,window,0.0,True
models/n8-r2w-s42/thursday.pt,thursday,972,window,0.0,True
