test_day,epoch,total,recon,kl,kl_raw,stage,compromise,imagine_compromise,imagine_stage,imagine_recon,precursor,imagine_precursor
tuesday,0,10.9172,0.4833,1.0,0.2748,1.9178,1.2156,1.2173,1.9201,0.973,0.0,0.0
tuesday,1,10.4486,0.4781,1.0,0.3981,1.8073,1.1582,1.1584,1.8091,0.9671,0.0,0.0
tuesday,2,9.7241,0.4757,1.0057,0.7818,1.659,1.0561,1.0565,1.6729,0.9684,0.0,0.0
tuesday,3,9.2275,0.4727,1.0,0.5176,1.568,0.9757,0.9774,1.6702,0.968,0.0,0.0
tuesday,4,8.3087,0.4683,1.0,0.6156,1.4418,0.8356,0.8439,1.4783,0.9564,0.0,0.0
tuesday,5,7.5725,0.4688,1.01,0.7065,1.268,0.736,0.7565,1.2581,0.9601,0.0,0.0
tuesday,6,6.9326,0.4706,1.0228,0.7339,1.0858,0.6579,0.6658,1.1721,0.9658,0.0,0.0
tuesday,7,6.4481,0.4719,1.0,0.4623,0.9746,0.5939,0.6106,1.0259,0.9691,0.0,0.0
tuesday,8,5.9085,0.472,1.0,0.5119,0.8149,0.5286,0.5443,0.9325,0.9654,0.0,0.0
tuesday,9,5.6052,0.4687,1.0,0.7614,0.7212,0.5026,0.5063,0.865,0.9588,0.0,0.0
tuesday,10,5.2634,0.4701,1.0031,0.8119,0.612,0.4621,0.4756,0.7369,0.9603,0.0,0.0
tuesday,11,5.1007,0.4679,1.0,0.3861,0.5766,0.4379,0.4608,0.6862,0.9549,0.0,0.0
tuesday,12,4.6433,0.4708,1.0,0.4247,0.4594,0.3907,0.3973,0.5576,0.961,0.0,0.0
tuesday,13,4.4862,0.4702,1.0,0.4383,0.4263,0.3651,0.3771,0.5377,0.9593,0.0,0.0
tuesday,14,4.389,0.4705,1.0,0.5064,0.4098,0.3475,0.3645,0.521,0.9597,0.0,0.0
tuesday,15,4.2381,0.4733,1.0159,0.6078,0.3541,0.3384,0.3454,0.4493,0.9651,0.0,0.0
tuesday,16,4.1917,0.4673,1.0,0.4603,0.3377,0.328,0.3505,0.4513,0.9534,0.0,0.0
tuesday,17,4.1852,0.4722,1.0,0.39,0.3196,0.3235,0.3455,0.4912,0.9641,0.0,0.0
tuesday,18,4.1182,0.4682,1.0,0.3944,0.315,0.3106,0.3339,0.5139,0.9552,0.0,0.0
tuesday,19,4.1041,0.4719,1.0,0.429,0.2995,0.3188,0.3412,0.4145,0.9643,0.0,0.0
tuesday,20,3.9757,0.469,1.0,0.4454,0.305,0.2995,0.3203,0.3688,0.9575,0.0,0.0
tuesday,21,3.9857,0.4699,1.0,0.4716,0.3009,0.3001,0.3194,0.3945,0.9592,0.0,0.0
tuesday,22,4.0186,0.4698,1.0,0.4934,0.2832,0.3031,0.3279,0.4313,0.96,0.0,0.0
tuesday,23,4.0195,0.4703,1.0,0.5057,0.2863,0.309,0.3239,0.4274,0.9594,0.0,0.0
tuesday,24,3.9968,0.4704,1.0,0.5044,0.2821,0.3043,0.3223,0.4206,0.9585,0.0,0.0
wednesday,0,10.754,0.489,1.0,0.22,1.9168,1.1756,1.1825,1.9152,0.992,0.0,0.0
wednesday,1,10.0636,0.4854,1.0,0.3087,1.7933,1.0777,1.0824,1.7935,0.9855,0.0,0.0
wednesday,2,9.4395,0.4796,1.0178,0.6802,1.6256,1.0118,1.0083,1.5993,0.9774,0.0,0.0
wednesday,3,8.0171,0.4787,1.0,0.6108,1.4087,0.7864,0.7863,1.4446,0.9756,0.0,0.0
wednesday,4,7.1454,0.4798,1.0134,0.6294,1.1751,0.6979,0.6753,1.1645,0.9799,0.0,0.0
wednesday,5,6.7333,0.4853,1.0174,0.7442,1.0468,0.634,0.6309,1.0737,0.995,0.0,0.0
wednesday,6,5.9206,0.4789,1.0,0.4507,0.8186,0.5562,0.5371,0.846,0.9765,0.0,0.0
wednesday,7,5.5915,0.4827,1.0,0.5217,0.6926,0.5251,0.4981,0.7689,0.987,0.0,0.0
wednesday,8,5.4719,0.4848,1.0,0.7535,0.6309,0.5123,0.4973,0.7016,0.9892,0.0,0.0
wednesday,9,5.1843,0.4814,1.0174,0.6259,0.5595,0.4825,0.4579,0.6307,0.9807,0.0,0.0
wednesday,10,4.7069,0.4824,1.0051,0.6654,0.4314,0.4157,0.402,0.5391,0.9838,0.0,0.0
wednesday,11,4.5431,0.4761,1.0,0.4467,0.3909,0.3948,0.3855,0.5178,0.9713,0.0,0.0
wednesday,12,4.3421,0.4771,1.0,0.4413,0.326,0.3727,0.3667,0.4385,0.9742,0.0,0.0
wednesday,13,4.3067,0.4755,1.0,0.6204,0.3205,0.3778,0.3699,0.3543,0.9684,0.0,0.0
wednesday,14,4.3139,0.4803,1.0,0.7709,0.316,0.3705,0.3742,0.3438,0.9822,0.0,0.0
wednesday,15,4.2098,0.4753,1.0026,0.7774,0.2986,0.3566,0.3522,0.3868,0.9715,0.0,0.0
wednesday,16,4.1444,0.4729,1.0,0.4423,0.2455,0.3463,0.36,0.3762,0.9654,0.0,0.0
wednesday,17,4.0611,0.4761,1.0,0.3799,0.2328,0.3456,0.3402,0.3345,0.9731,0.0,0.0
wednesday,18,3.9449,0.4709,1.0,0.3754,0.2313,0.3269,0.3199,0.3322,0.9631,0.0,0.0
wednesday,19,4.0955,0.4757,1.0,0.4041,0.2802,0.3445,0.3348,0.3462,0.9729,0.0,0.0
wednesday,20,3.8411,0.4754,1.0,0.4126,0.2361,0.3087,0.2965,0.301,0.9722,0.0,0.0
wednesday,21,3.9155,0.4752,1.0,0.4264,0.226,0.3182,0.3135,0.3325,0.9709,0.0,0.0
wednesday,22,3.8855,0.4806,1.0,0.4432,0.2168,0.3185,0.3052,0.302,0.9845,0.0,0.0
wednesday,23,3.8126,0.4746,1.0,0.4452,0.2186,0.3068,0.2972,0.2859,0.9712,0.0,0.0
wednesday,24,3.8652,0.474,1.0,0.4453,0.22,0.3058,0.3062,0.3431,0.9693,0.0,0.0
thursday,0,10.4273,0.4804,1.0,0.2588,1.9094,1.1292,1.1202,1.9081,0.9644,0.0,0.0
thursday,1,9.9016,0.477,1.0,0.5845,1.7791,1.0623,1.0593,1.7629,0.9617,0.0,0.0
thursday,2,9.2744,0.4736,1.0134,0.8358,1.5886,0.9965,0.9895,1.5752,0.9565,0.0,0.0
thursday,3,8.5031,0.474,1.0,0.3998,1.452,0.8803,0.8722,1.4824,0.9589,0.0,0.0
thursday,4,7.4522,0.4766,1.0172,0.6699,1.3555,0.7137,0.677,1.3692,0.9686,0.0,0.0
thursday,5,6.364,0.4734,1.0,0.4275,1.1581,0.567,0.5213,1.154,0.9577,0.0,0.0
thursday,6,5.7933,0.4751,1.0021,0.7351,1.007,0.4937,0.4563,0.9867,0.9607,0.0,0.0
thursday,7,5.1284,0.4745,1.0,0.3923,0.847,0.387,0.3831,0.8411,0.963,0.0,0.0
thursday,8,4.8357,0.4717,1.0,0.6858,0.6781,0.3546,0.3802,0.758,0.9571,0.0,0.0
thursday,9,4.673,0.4764,1.01,0.6415,0.6228,0.3344,0.3575,0.7289,0.963,0.0,0.0
thursday,10,4.3937,0.4735,1.0,0.4225,0.5064,0.3224,0.3323,0.6245,0.96,0.0,0.0
thursday,11,4.1501,0.4719,1.0,0.67,0.4314,0.2878,0.3175,0.5249,0.9564,0.0,0.0
thursday,12,4.1037,0.4715,1.0,0.7962,0.4201,0.2764,0.3065,0.5644,0.9577,0.0,0.0
thursday,13,4.0634,0.4751,1.016,0.7778,0.3823,0.2821,0.3077,0.493,0.9644,0.0,0.0
thursday,14,3.7788,0.4732,1.0,0.341,0.3043,0.2647,0.2747,0.3795,0.9583,0.0,0.0
thursday,15,3.7394,0.4731,1.0,0.3183,0.2713,0.259,0.2779,0.3667,0.96,0.0,0.0
thursday,16,3.6934,0.4716,1.0,0.3572,0.2836,0.2478,0.2574,0.4263,0.9572,0.0,0.0
thursday,17,3.6312,0.4711,1.0,0.4039,0.2605,0.249,0.2546,0.3648,0.9555,0.0,0.0
thursday,18,3.5405,0.4739,1.0,0.43,0.2601,0.2409,0.2352,0.3187,0.9596,0.0,0.0
thursday,19,3.5458,0.474,1.0,0.4645,0.2274,0.2394,0.2397,0.3778,0.9574,0.0,0.0
thursday,20,3.4736,0.4732,1.0,0.4737,0.2145,0.2347,0.2248,0.3641,0.96,0.0,0.0
thursday,21,3.5102,0.4706,1.0,0.4973,0.21,0.2481,0.2396,0.3216,0.9539,0.0,0.0
thursday,22,3.4429,0.472,1.0,0.513,0.2041,0.2322,0.2256,0.3359,0.9578,0.0,0.0
thursday,23,3.5531,0.4717,1.0,0.5087,0.2328,0.2481,0.2381,0.3614,0.9574,0.0,0.0
thursday,24,3.5111,0.4702,1.0,0.5126,0.228,0.2439,0.2348,0.3337,0.9537,0.0,0.0
friday,0,10.8054,0.4813,1.0,0.1971,1.9065,1.2069,1.1967,1.9017,0.9629,0.0,0.0
friday,1,10.4577,0.4818,1.0,0.2571,1.8147,1.1523,1.1655,1.7901,0.965,0.0,0.0
friday,2,9.9102,0.4815,1.0,0.4128,1.6288,1.1021,1.1104,1.5941,0.9675,0.0,0.0
friday,3,8.6621,0.4783,1.0083,0.7617,1.44,0.9335,0.9121,1.3507,0.961,0.0,0.0
friday,4,7.8803,0.4733,1.0,0.4745,1.3236,0.8147,0.7902,1.251,0.9578,0.0,0.0
friday,5,7.2174,0.4745,1.0236,0.795,1.0477,0.7381,0.7375,1.0725,0.9585,0.0,0.0
friday,6,6.3457,0.4762,1.0079,0.597,0.9368,0.6025,0.6062,0.8633,0.9734,0.0,0.0
friday,7,5.5018,0.4783,1.0,0.6158,0.6551,0.5278,0.5109,0.616,0.9723,0.0,0.0
friday,8,4.9475,0.4782,1.0138,0.8708,0.5993,0.4551,0.406,0.5406,0.9646,0.0,0.0
friday,9,4.8718,0.4802,1.0,0.4377,0.551,0.4782,0.3783,0.5596,0.9695,0.0,0.0
friday,10,4.4516,0.4771,1.005,0.786,0.4361,0.3928,0.3499,0.4698,0.9658,0.0,0.0
friday,11,4.3459,0.4746,1.0,0.4517,0.4374,0.3628,0.3352,0.4862,0.9595,0.0,0.0
friday,12,4.192,0.4754,1.0,0.4726,0.3346,0.3568,0.3406,0.3716,0.9608,0.0,0.0
friday,13,3.9893,0.4746,1.0,0.5795,0.2844,0.3242,0.3165,0.3475,0.9587,0.0,0.0
friday,14,3.9664,0.473,1.0,0.6953,0.3023,0.3119,0.3019,0.4075,0.958,0.0,0.0
friday,15,3.8636,0.4747,1.0067,0.7815,0.2491,0.3022,0.2985,0.3544,0.9592,0.0,0.0
friday,16,3.8603,0.4731,1.0072,0.5541,0.2745,0.2953,0.2917,0.3755,0.9554,0.0,0.0
friday,17,3.7832,0.473,1.0,0.3539,0.2426,0.2884,0.2831,0.3734,0.9548,0.0,0.0
friday,18,3.7879,0.4758,1.0,0.3165,0.2474,0.2845,0.2799,0.3931,0.9595,0.0,0.0
friday,19,3.7149,0.4734,1.0,0.3212,0.2082,0.2841,0.282,0.3261,0.9561,0.0,0.0
friday,20,3.7581,0.4727,1.0,0.3321,0.2433,0.2878,0.2801,0.3452,0.9537,0.0,0.0
friday,21,3.6626,0.4746,1.0,0.3329,0.2005,0.2779,0.2722,0.3122,0.9592,0.0,0.0
friday,22,3.7312,0.473,1.0,0.34,0.2163,0.2872,0.2855,0.3084,0.957,0.0,0.0
friday,23,3.7186,0.4735,1.0,0.3481,0.2138,0.2876,0.2761,0.3423,0.9568,0.0,0.0
friday,24,3.6246,0.4731,1.0,0.3426,0.1976,0.2762,0.2688,0.2795,0.9555,0.0,0.0
monday,0,10.7616,0.4885,1.0,0.228,1.9153,1.1827,1.1805,1.9284,0.9868,0.0,0.0
monday,1,10.2169,0.485,1.0,0.3631,1.8418,1.0998,1.0926,1.8545,0.9853,0.0,0.0
monday,2,9.1377,0.4805,1.0,0.7747,1.7116,0.9334,0.9131,1.7191,0.9801,0.0,0.0
monday,3,8.4741,0.4797,1.0483,0.7314,1.5512,0.848,0.8257,1.5413,0.9754,0.0,0.0
monday,4,7.7975,0.4786,1.0025,0.6088,1.4152,0.7568,0.7414,1.3747,0.9774,0.0,0.0
monday,5,7.1549,0.4795,1.0,0.4736,1.3047,0.6621,0.6368,1.3152,0.9785,0.0,0.0
monday,6,6.931,0.4783,1.0,0.5942,1.2117,0.6347,0.6333,1.1825,0.9803,0.0,0.0
monday,7,6.3053,0.4817,1.0,0.7894,1.0415,0.5647,0.5495,1.039,0.9849,0.0,0.0
monday,8,5.9791,0.4791,1.0101,0.6102,0.9603,0.5238,0.5038,0.9954,0.978,0.0,0.0
monday,9,5.7281,0.483,1.0,0.3476,0.9148,0.4862,0.4651,0.9551,0.9851,0.0,0.0
monday,10,5.4327,0.479,1.0,0.4582,0.826,0.4395,0.4379,0.9177,0.9764,0.0,0.0
monday,11,5.1714,0.4768,1.0,0.5305,0.7837,0.4263,0.3997,0.7726,0.9727,0.0,0.0
monday,12,5.0665,0.481,1.0,0.5954,0.6872,0.4115,0.4027,0.7702,0.982,0.0,0.0
monday,13,4.9135,0.4797,1.0,0.6721,0.6142,0.4189,0.3866,0.6833,0.9803,0.0,0.0
monday,14,4.7225,0.4793,1.0,0.7747,0.5869,0.3776,0.3585,0.6871,0.9821,0.0,0.0
monday,15,4.5917,0.4751,1.0059,0.8395,0.5258,0.374,0.3495,0.6372,0.9728,0.0,0.0
monday,16,4.4317,0.4788,1.0,0.5339,0.4913,0.3477,0.3343,0.5631,0.9818,0.0,0.0
monday,17,4.3539,0.477,1.0,0.4931,0.481,0.3344,0.3243,0.5517,0.9781,0.0,0.0
monday,18,4.3065,0.4765,1.0,0.5239,0.4364,0.3459,0.3248,0.5031,0.9758,0.0,0.0
monday,19,4.1967,0.4775,1.0,0.5472,0.4225,0.3216,0.3066,0.5108,0.9785,0.0,0.0
monday,20,4.1976,0.476,1.0,0.5898,0.4057,0.3306,0.3118,0.4889,0.9751,0.0,0.0
monday,21,4.1912,0.4764,1.0,0.6062,0.3986,0.325,0.3109,0.5155,0.9757,0.0,0.0
monday,22,4.0823,0.4741,1.0,0.6035,0.406,0.3133,0.2955,0.4376,0.9703,0.0,0.0
monday,23,4.1431,0.4766,1.0,0.6248,0.4127,0.317,0.3027,0.4673,0.9779,0.0,0.0
monday,24,4.1234,0.4771,1.0,0.6159,0.3984,0.3149,0.2994,0.4875,0.9762,0.0,0.0
