window,start_utc,segment,stage,flows,attempted_flows,attack_flows,uniq_dst_port,uniq_dst_port_benign_only,labels
472,2017-07-06 15:55:00,baseline,0,768,0,0,9,9,
473,2017-07-06 15:55:30,baseline,0,205,0,0,10,10,
474,2017-07-06 15:56:00,baseline,0,373,0,0,10,10,
475,2017-07-06 15:56:30,baseline,0,215,0,0,9,9,
476,2017-07-06 15:57:00,baseline,0,407,0,0,11,11,
477,2017-07-06 15:57:30,baseline,0,474,0,0,17,17,
478,2017-07-06 15:58:00,baseline,0,138,0,0,14,14,
479,2017-07-06 15:58:30,baseline,0,86,0,0,9,9,
480,2017-07-06 15:59:00,baseline,0,113,0,0,13,13,
481,2017-07-06 15:59:30,baseline,0,97,0,0,11,11,
482,2017-07-06 16:00:00,baseline,0,129,0,0,8,8,
483,2017-07-06 16:00:30,baseline,0,640,0,0,11,11,
484,2017-07-06 16:01:00,baseline,0,584,0,0,9,9,
485,2017-07-06 16:01:30,baseline,0,61,0,0,10,10,
486,2017-07-06 16:02:00,baseline,0,40,0,0,6,6,
487,2017-07-06 16:02:30,baseline,0,46,0,0,5,5,
488,2017-07-06 16:03:00,baseline,0,40,0,0,8,8,
489,2017-07-06 16:03:30,baseline,0,73,0,0,10,10,
490,2017-07-06 16:04:00,baseline,0,211,0,0,11,11,
491,2017-07-06 16:04:30,baseline,0,161,0,0,6,6,
492,2017-07-06 16:05:00,baseline,0,8,0,0,3,3,
493,2017-07-06 16:05:30,baseline,0,34,0,0,8,8,
494,2017-07-06 16:06:00,baseline,0,89,0,0,10,10,
495,2017-07-06 16:06:30,baseline,0,68,0,0,9,9,
496,2017-07-06 16:07:00,baseline,0,17,0,0,10,10,
497,2017-07-06 16:07:30,baseline,0,89,0,0,9,9,
498,2017-07-06 16:08:00,baseline,0,824,0,0,12,12,
499,2017-07-06 16:08:30,baseline,0,809,0,0,14,14,
500,2017-07-06 16:09:00,baseline,0,173,0,0,11,11,
501,2017-07-06 16:09:30,baseline,0,1023,0,0,10,10,
502,2017-07-06 16:10:00,baseline,0,958,0,0,10,10,
503,2017-07-06 16:10:30,baseline,0,310,0,0,7,7,
504,2017-07-06 16:11:00,baseline,0,777,0,0,7,7,
505,2017-07-06 16:11:30,baseline,0,1117,0,0,7,7,
506,2017-07-06 16:12:00,baseline,0,698,0,0,8,8,
507,2017-07-06 16:12:30,baseline,0,498,0,0,8,8,
508,2017-07-06 16:13:00,baseline,0,930,0,0,10,10,
509,2017-07-06 16:13:30,baseline,0,631,0,0,13,13,
510,2017-07-06 16:14:00,baseline,0,148,0,0,10,10,
511,2017-07-06 16:14:30,baseline,0,439,0,0,10,10,
512,2017-07-06 16:15:00,baseline,0,1014,0,0,10,10,
513,2017-07-06 16:15:30,baseline,0,701,0,0,9,9,
514,2017-07-06 16:16:00,baseline,0,146,0,0,10,10,
515,2017-07-06 16:16:30,baseline,0,757,0,0,10,10,
516,2017-07-06 16:17:00,baseline,0,768,0,0,11,11,
517,2017-07-06 16:17:30,baseline,0,559,0,0,9,9,
518,2017-07-06 16:18:00,baseline,0,528,0,0,9,9,
519,2017-07-06 16:18:30,baseline,0,1479,0,0,10,10,
520,2017-07-06 16:19:00,baseline,0,1472,0,0,7,7,
521,2017-07-06 16:19:30,baseline,0,1211,0,0,9,9,
522,2017-07-06 16:20:00,baseline,0,1255,0,0,12,12,
523,2017-07-06 16:20:30,baseline,0,714,0,0,11,11,
524,2017-07-06 16:21:00,baseline,0,677,0,0,9,9,
525,2017-07-06 16:21:30,baseline,0,711,0,0,8,8,
526,2017-07-06 16:22:00,baseline,0,707,0,0,8,8,
527,2017-07-06 16:22:30,baseline,0,516,0,0,9,9,
528,2017-07-06 16:23:00,baseline,0,509,0,0,11,11,
529,2017-07-06 16:23:30,baseline,0,619,0,0,12,12,
530,2017-07-06 16:24:00,baseline,0,867,0,0,9,9,
531,2017-07-06 16:24:30,baseline,0,680,0,0,9,9,
532,2017-07-06 16:25:00,baseline,0,887,0,0,8,8,
533,2017-07-06 16:25:30,baseline,0,1856,0,0,4,4,
534,2017-07-06 16:26:00,baseline,0,1417,0,0,6,6,
535,2017-07-06 16:26:30,baseline,0,167,0,0,10,10,
536,2017-07-06 16:27:00,baseline,0,216,0,0,10,10,
537,2017-07-06 16:27:30,baseline,0,698,0,0,9,9,
538,2017-07-06 16:28:00,baseline,0,681,0,0,10,10,
539,2017-07-06 16:28:30,baseline,0,445,0,0,11,11,
540,2017-07-06 16:29:00,baseline,0,409,0,0,10,10,
541,2017-07-06 16:29:30,baseline,0,66,0,0,8,8,
542,2017-07-06 16:30:00,baseline,0,82,0,0,6,6,
543,2017-07-06 16:30:30,baseline,0,197,0,0,7,7,
544,2017-07-06 16:31:00,baseline,0,831,0,0,11,11,
545,2017-07-06 16:31:30,baseline,0,1135,0,0,11,11,
546,2017-07-06 16:32:00,baseline,0,828,0,0,8,8,
547,2017-07-06 16:32:30,baseline,0,406,0,0,7,7,
548,2017-07-06 16:33:00,baseline,0,95,0,0,9,9,
549,2017-07-06 16:33:30,baseline,0,170,0,0,10,10,
550,2017-07-06 16:34:00,baseline,0,857,0,0,6,6,
551,2017-07-06 16:34:30,baseline,0,1014,0,0,8,8,
552,2017-07-06 16:35:00,baseline,0,272,0,0,11,11,
553,2017-07-06 16:35:30,baseline,0,148,0,0,11,11,
554,2017-07-06 16:36:00,baseline,0,404,0,0,10,10,
555,2017-07-06 16:36:30,baseline,0,991,0,0,9,9,
556,2017-07-06 16:37:00,baseline,0,1441,0,0,9,9,
557,2017-07-06 16:37:30,baseline,0,861,0,0,10,10,
558,2017-07-06 16:38:00,baseline,0,643,0,0,10,10,
559,2017-07-06 16:38:30,baseline,0,546,0,0,8,8,
560,2017-07-06 16:39:00,baseline,0,219,0,0,8,8,
561,2017-07-06 16:39:30,baseline,0,750,0,0,7,7,
562,2017-07-06 16:40:00,baseline,0,748,0,0,10,10,
563,2017-07-06 16:40:30,baseline,0,1741,0,0,10,10,
564,2017-07-06 16:41:00,baseline,0,2190,0,0,9,9,
565,2017-07-06 16:41:30,baseline,0,1113,0,0,8,8,
566,2017-07-06 16:42:00,baseline,0,980,0,0,8,8,
567,2017-07-06 16:42:30,baseline,0,571,0,0,8,8,
568,2017-07-06 16:43:00,baseline,0,277,0,0,7,7,
569,2017-07-06 16:43:30,baseline,0,771,0,0,10,10,
570,2017-07-06 16:44:00,baseline,0,742,0,0,9,9,
571,2017-07-06 16:44:30,baseline,0,232,0,0,7,7,
572,2017-07-06 16:45:00,baseline,0,579,0,0,8,8,
573,2017-07-06 16:45:30,baseline,0,611,0,0,11,11,
574,2017-07-06 16:46:00,baseline,0,186,0,0,11,11,
575,2017-07-06 16:46:30,baseline,0,115,0,0,10,10,
576,2017-07-06 16:47:00,baseline,0,368,0,0,8,8,
577,2017-07-06 16:47:30,baseline,0,1311,0,0,11,11,
578,2017-07-06 16:48:00,baseline,0,1316,0,0,12,12,
579,2017-07-06 16:48:30,baseline,0,505,0,0,10,10,
580,2017-07-06 16:49:00,baseline,0,253,0,0,20,20,
581,2017-07-06 16:49:30,baseline,0,452,0,0,21,21,
582,2017-07-06 16:50:00,baseline,0,458,0,0,13,13,
583,2017-07-06 16:50:30,baseline,0,299,0,0,7,7,
584,2017-07-06 16:51:00,baseline,0,394,0,0,17,17,
585,2017-07-06 16:51:30,baseline,0,274,0,0,18,18,
586,2017-07-06 16:52:00,baseline,0,102,0,0,12,12,
587,2017-07-06 16:52:30,baseline,0,566,0,0,9,9,
588,2017-07-06 16:53:00,baseline,0,604,0,0,11,11,
589,2017-07-06 16:53:30,baseline,0,128,0,0,12,12,
590,2017-07-06 16:54:00,baseline,0,1080,0,0,11,11,
591,2017-07-06 16:54:30,baseline,0,1887,0,0,11,11,
592,2017-07-06 16:55:00,run-up,0,1077,0,0,13,13,
593,2017-07-06 16:55:30,run-up,0,624,0,0,20,20,
594,2017-07-06 16:56:00,run-up,0,431,0,0,17,17,
595,2017-07-06 16:56:30,run-up,0,131,0,0,14,14,
596,2017-07-06 16:57:00,run-up,0,688,0,0,19,19,
597,2017-07-06 16:57:30,run-up,0,1236,0,0,16,16,
598,2017-07-06 16:58:00,run-up,0,874,0,0,14,14,
599,2017-07-06 16:58:30,run-up,0,1318,0,0,11,11,
600,2017-07-06 16:59:00,run-up,0,1286,0,0,12,12,
601,2017-07-06 16:59:30,run-up,0,230,0,0,9,9,
602,2017-07-06 17:00:00,onset+,1,1245,0,955,961,16,Infiltration - Portscan:955
603,2017-07-06 17:00:30,onset+,1,1552,0,955,961,17,Infiltration - Portscan:955
604,2017-07-06 17:01:00,onset+,0,997,0,0,13,13,
605,2017-07-06 17:01:30,onset+,0,1092,0,0,13,13,
606,2017-07-06 17:02:00,onset+,0,842,0,0,17,17,
607,2017-07-06 17:02:30,onset+,0,941,0,0,13,13,
608,2017-07-06 17:03:00,onset+,0,976,0,0,12,12,
609,2017-07-06 17:03:30,onset+,0,1357,0,0,14,14,
610,2017-07-06 17:04:00,onset+,0,992,0,0,12,12,
611,2017-07-06 17:04:30,onset+,0,919,0,0,9,9,
612,2017-07-06 17:05:00,onset+,0,944,0,0,10,10,
613,2017-07-06 17:05:30,onset+,0,122,0,0,12,12,
614,2017-07-06 17:06:00,onset+,0,298,0,0,13,13,
615,2017-07-06 17:06:30,onset+,0,407,0,0,10,10,
616,2017-07-06 17:07:00,onset+,0,371,0,0,12,12,
617,2017-07-06 17:07:30,onset+,0,529,0,0,13,13,
618,2017-07-06 17:08:00,onset+,0,338,0,0,14,14,
619,2017-07-06 17:08:30,onset+,0,137,0,0,13,13,
620,2017-07-06 17:09:00,onset+,0,410,0,0,14,14,
621,2017-07-06 17:09:30,onset+,0,562,0,0,19,19,
622,2017-07-06 17:10:00,onset+,0,446,0,0,18,18,
623,2017-07-06 17:10:30,onset+,0,666,0,0,17,17,
624,2017-07-06 17:11:00,onset+,0,530,0,0,16,16,
625,2017-07-06 17:11:30,onset+,0,100,0,0,13,13,
626,2017-07-06 17:12:00,onset+,0,183,0,0,12,12,
627,2017-07-06 17:12:30,onset+,0,340,0,0,10,10,
628,2017-07-06 17:13:00,onset+,0,267,1,0,10,9,Infiltration - Attempted:1
629,2017-07-06 17:13:30,onset+,0,654,1,0,12,11,Infiltration - Attempted:1
630,2017-07-06 17:14:00,onset+,0,1190,1,0,14,13,Infiltration - Attempted:1
631,2017-07-06 17:14:30,onset+,0,683,2,0,15,14,Infiltration - Attempted:2
632,2017-07-06 17:15:00,onset+,0,549,1,0,13,12,Infiltration - Attempted:1
633,2017-07-06 17:15:30,onset+,0,615,0,0,15,15,
634,2017-07-06 17:16:00,onset+,0,264,0,0,20,20,
635,2017-07-06 17:16:30,onset+,0,198,0,0,17,17,
636,2017-07-06 17:17:00,onset+,0,578,0,0,13,13,
