path,sha256
results/figures/.gitkeep,e3b0c44298fc1c149afbf4c8996fb92427ae41e4649b934ca495991b7852b855
results/figures/e11_e4e7-worldmodel-r2.png,0a55934f4c4f97d1df1ee40a35365fadf080529634e8d9e53ae9c53b29b251b8
results/figures/e12_precursors.png,d8f65f7fe861a31ceafd2e941c5f1b6425ec2ee168236a6bfface7eeca16578d
results/figures/e14_friday_pmax.png,c5461d53cb85e44e73ebde351daddebf1dbfc8d20f47348599fc7ece5eee76cf
results/figures/e14_thursday_pmax.png,ee784e0c3327f5911da49adfd935b06294fde21ddaa8f1f86186291639c194ca
results/figures/e17_reliability.png,ffec746e2fef84161914823cf681c5e5e1b8ed5aa4d9967926057141221cf19e
results/figures/e18_friday_thresholds.png,3e56f821c6940b73e17f5b4c715d14fddc48c01865e974921b96947e0f6ce66e
results/figures/e18_score_distributions.png,5fc60bdc7f92b7c67d6b09dcdd64aa2c90849fc99356e2e08e0990a12a20c15f
results/figures/e18_thursday_thresholds.png,e400dda43d2c8f4feb8f6ece368c6a0edb44476b831c617a8c1887ce461337ee
results/figures/e1_friday_timeline.png,767e19e3c52d2fc45fad04b41e886cd0ceab6969a712fcaa6d2a0367e060d9c4
results/figures/e1_monday_timeline.png,8b6e4cb882289548b3b9f1c35603f78213f55b8c5a645032e327104f3db6096a
results/figures/e1_thursday_timeline.png,53bb98b617978502777a5c98c3323bbefe9e52ac97bee1b6735cac5787d9b27a
results/figures/e1_tuesday_timeline.png,16f7d39c18f417ddd48ce76858a98ad52234d61fa7509cc266b9663bbe03ec2d
results/figures/e1_wednesday_timeline.png,b83149365aa69b81515ffca41971f3ffb1b2b02234d1f621892b0c2b36357054
results/figures/e3_friday_logreg_forecast.png,fbca9eae2b8235fadf211c1d99caf06a7111936a99f79fbd3f893b176aca65f4
results/figures/e3_thursday_logreg_forecast.png,e8a50f4ea0d1502467cf10e72ef90221835cffeb5a023c2dce57d2fae03b15cc
results/figures/e5_e10-full-s42_friday_rollout_fidelity.png,3f4ef061f5a8a9c84a189f57cb8995c8f6a7551b03a6850d2ce86813fc0f6891
results/figures/e5_e10-full-s42_thursday_rollout_fidelity.png,c53e89ba19ccd687951aa5d797a7fcb271b92c62eea43f4d49bd7ad01a7c5845
results/figures/e5_e10-full-s43_friday_rollout_fidelity.png,c4c902ef150bc9d825dbcd989e3693efde5c3c9c2a5cad9b1f7d661d2a795a44
results/figures/e5_e10-full-s43_thursday_rollout_fidelity.png,27d0e686deb6a5eff80300c9f0882475ab505b8f3aedd29ca01cf63b0b5b574e
results/figures/e5_e10-full-s44_friday_rollout_fidelity.png,a1f459c7e8f2f454dbda0d88fe4078db788dcd31287fa63eca15ee6e339efe64
results/figures/e5_e10-full-s44_thursday_rollout_fidelity.png,ea5d1b75c64bb165f6e48270a295cc4821b343d8ce2668eebe355725c03c496e
results/figures/e5_e10-no-multistep-s42_friday_rollout_fidelity.png,23ca9c41dc72e66f0fbd09d2bada9368dd9bb1c3f2c8bcb3ddeef3ead9748cce
results/figures/e5_e10-no-multistep-s42_thursday_rollout_fidelity.png,cdfe020ce522f9530c5cb41b0597571e3a693bb5169052d591e97dfedc1957b2
results/figures/e5_e10-no-multistep-s43_friday_rollout_fidelity.png,31a975f23f87727baa40b63aca59163c4c9b4b8d7a56429ddc6d2b5150186a82
results/figures/e5_e10-no-multistep-s43_thursday_rollout_fidelity.png,644cb3f1bee24afb0ef6b71c3741b33a2f29ce9b1aaf4495dcb767cc1f35abe3
results/figures/e5_e10-no-multistep-s44_friday_rollout_fidelity.png,83316fa4cf593016042552a93cb110179839d45abb225ac7720891af9263e475
results/figures/e5_e10-no-multistep-s44_thursday_rollout_fidelity.png,54e21771ed970c9085f5ff9c0483abe30f65990955a1b09e884653ee5415cf89
results/figures/e5_e10-no-stochastic-s42_friday_rollout_fidelity.png,428813e9233a01d68bc96374f51678b68625377bc28962252843c589f90cfc97
results/figures/e5_e10-no-stochastic-s42_thursday_rollout_fidelity.png,d4b6fcb30f06e04be31b57da887b27506ae6019416ba1bc949e569a6e68bbd2e
results/figures/e5_e10-no-stochastic-s43_friday_rollout_fidelity.png,7b39592c6ef5d66fe1e2f598b2dbf313a54d43a98a59e8c31e10f9a0e30c8e1f
results/figures/e5_e10-no-stochastic-s43_thursday_rollout_fidelity.png,f435ea425e65719150abe82eb86ba8078cae03cc3d5f9b8ecb5d86ddd54876bf
results/figures/e5_e10-no-stochastic-s44_friday_rollout_fidelity.png,bd56e008ae5b48a3fe362c01539575a1853cc24faaed273a0b5a23726597f04d
results/figures/e5_e10-no-stochastic-s44_thursday_rollout_fidelity.png,c7ef6afc91fc791dea95e127b1cb825f443ad996ca1fd22e72987fe5d928b56d
results/figures/e5_friday_rollout_fidelity.png,078568d94feeb986a8f07c74faa95191abb8190f756ed8e47ca7a4c10475c65a
results/figures/e5_thursday_rollout_fidelity.png,fb1c8af6e70698d20239a50c3913721e2ea7341fe02470359dfa084a34c5abad
results/figures/e6_e10-full-s42_friday_worldmodel_forecast.png,e71491a74a5d27e2e381040bb64cb150c158a9dd4c1f69bd18884509c251e5f1
results/figures/e6_e10-full-s42_thursday_worldmodel_forecast.png,f8f887d35adb8bc7b86f3d88419d18dda8a530d40ec70ff6447749e85162ea3c
results/figures/e6_e10-full-s43_friday_worldmodel_forecast.png,03ab92d6039f2b9d777ee2b918ed8fcec8f1a640a1a32eab9996079f1530b035
results/figures/e6_e10-full-s43_thursday_worldmodel_forecast.png,7825bade4726c5cb3c161fd0fa7edda26179075b1456d464ece7b8942c3e5c1f
results/figures/e6_e10-full-s44_friday_worldmodel_forecast.png,ca49c0b7f2d6610dab23a3dad3ba996f851bab11f0ff5d3fcf7859cb8434ca96
results/figures/e6_e10-full-s44_thursday_worldmodel_forecast.png,f76efa6762d94c148102da484146c8ea9d15e2c39fb4921b725d7793f3885578
results/figures/e6_e10-no-multistep-s42_friday_worldmodel_forecast.png,1cd37debeffcab0c4a4b67f33b340cc401a315b138b9e5c4c9d3080dc9e21594
results/figures/e6_e10-no-multistep-s42_thursday_worldmodel_forecast.png,ec3fe0cf44094f9464ed04d58ecb27658a4d0facfeb0a52bc3eb93549132b737
results/figures/e6_e10-no-multistep-s43_friday_worldmodel_forecast.png,236fee5f0629f2c3477277e554aa4c6c6b453bdd5e6f835c12257676ac870002
results/figures/e6_e10-no-multistep-s43_thursday_worldmodel_forecast.png,775e4a637ac222fa84c4ed912cb709aac16ede9ca10401d27b6ed1ea821d3fbf
results/figures/e6_e10-no-multistep-s44_friday_worldmodel_forecast.png,4732a4e95c8497340fd7e524797419b711591607247172442fe74f2ad631cd32
results/figures/e6_e10-no-multistep-s44_thursday_worldmodel_forecast.png,461c70f9cf694b00ed43c8e6bc86121ba25502cfefea2be6f8f68da873eeeb15
results/figures/e6_e10-no-stochastic-s42_friday_worldmodel_forecast.png,2cddac14990377dfa51b05aeb3e5abc66b97e0d85f3dd4c90857f279898c9d4b
results/figures/e6_e10-no-stochastic-s42_thursday_worldmodel_forecast.png,362b0bb957e7242aece5f4135f4a7925479f0d945195e21a228aabcf7bdc4dd5
results/figures/e6_e10-no-stochastic-s43_friday_worldmodel_forecast.png,f48c923bfbe60c34794bfb7d3c86c849cb0c793c19f7cb8c36ce5527bb44dc85
results/figures/e6_e10-no-stochastic-s43_thursday_worldmodel_forecast.png,97c65cc6b2d2b73c40ac339aafbe50fbf7bcfb55be38d96583a554d4ab79a2a9
results/figures/e6_e10-no-stochastic-s44_friday_worldmodel_forecast.png,6e6d415e8037a2c832138e8ef37b73cd915fbb5b705bb484df0287a6bea063c9
results/figures/e6_e10-no-stochastic-s44_thursday_worldmodel_forecast.png,59006f7e1592d3874a70e1a5b68de283e4ba74701dc7bf0d5e31bbd7df697011
results/figures/e6_friday_worldmodel_forecast.png,89852e680d5dda45395fc166f92819fb88911726a4a8d2e973b68fdb4b28885c
results/figures/e6_r3-precursor-s42_friday_worldmodel_forecast.png,a7f06370fd00f759313858eee6f26215f3b0d790d38bd6c71cb8c042d28ca80c
results/figures/e6_r3-precursor-s42_thursday_worldmodel_forecast.png,c1508f44f22e07c41c2ff3c0ab32097e5aa3804db3eaaf11487cbff09d625b55
results/figures/e6_r3-precursor-s43_friday_worldmodel_forecast.png,345b66bcf34f7c393ba688568f8837e6d5b430f5cf9ce97e55b6fa9e22a30213
results/figures/e6_r3-precursor-s43_thursday_worldmodel_forecast.png,c81b0ded916d03430aec8c3d5c0f20df9df98dcc9afba67fa99a8341b48306ce
results/figures/e6_r3-precursor-s44_friday_worldmodel_forecast.png,1e91f6c37442b4c1bb9bcb98889db74a3f18cef70a9def2dfc2c9ace86491cbe
results/figures/e6_r3-precursor-s44_thursday_worldmodel_forecast.png,77238d9e8624028a1074e8eaaf21620186179ef70b70696101a79b987850d2a3
results/figures/e6_r4-rank-s42_friday_worldmodel_forecast.png,1b881628f200810822d15f0ff3bbae0e71cb95738750650ac0fc03ed4b49cf2e
results/figures/e6_r4-rank-s42_thursday_worldmodel_forecast.png,cc52c75d5a99c5afa69760bc1be36a38ad0d1a7c6bd2dd2b126fc614a5080105
results/figures/e6_r4-rank-s43_friday_worldmodel_forecast.png,1cfd56cd4ee13f60a6a02e8428654e72e5cd0abd22dee56d2e3f87f3b0dc487e
results/figures/e6_r4-rank-s43_thursday_worldmodel_forecast.png,fa080024c702ed529b7f3806fcc1ccddc2b4469cb3c4d0d960c8972b4c87ba72
results/figures/e6_r4-rank-s44_friday_worldmodel_forecast.png,f56f054340d69e4d7999192c8ac226ae0ae2b5692ad0fd51f7664cf00f47503e
results/figures/e6_r4-rank-s44_thursday_worldmodel_forecast.png,45c323432867e92e70dc812128f7068cf098b101fbce50f56b8be4dd9ff46562
results/figures/e6_r4-rank-whole-s42_friday_worldmodel_forecast.png,bcc81747b94abd689c21e993a7959fb7b095b038fd8dfdc433fed1e6b0f09524
results/figures/e6_r4-rank-whole-s42_thursday_worldmodel_forecast.png,1dfab16b27f74ad314c85e1e7ce0afea4c7d2b5ace88a44b70adc7b70d324a02
results/figures/e6_thursday_worldmodel_forecast.png,6a1492cc06d828cbcf8946505de1fd3aa66f9ffb6528f8ca92ab23f657e3ddc0
results/figures/e9_e4e7-worldmodel-r2.png,78308ba3ce50a8451e1d1e29d9e097da6db39a4bb131f6463455bf170f02868a
results/figures/e9_m1v2-e19-s42.png,6d6f4de406537641ff4060db572902a6ffcdb0043358691dbf112d754eaed22c
results/figures/e9_m1v2-e19-s43.png,9d03c5b92bb203ff92150772a14771a421e9d308d2b51cec6964e4d2ea44ae0c
results/figures/e9_m1v2-e19-s44.png,aec7b61537d3bede948d6c928b2a3e7081ca1409803b777042fc7373ec0fbfbc
results/figures/f8_dashboard_thursday_demo.jpg,334c0ad2a5739e216816df07deb6c0674a7f9074889c90fe4526b3a6253ae2af
results/runs/.gitkeep,e3b0c44298fc1c149afbf4c8996fb92427ae41e4649b934ca495991b7852b855
results/runs/benchmark-final/metrics.json,1507708c9cf7f701964ec4a1b0261f7fda6a52060f7ecb8f950f60221a27bcc6
results/runs/ctu-ci-d042-g/metrics.json,7237f7af560d43bcd75a00e281961f1852201d65e8ca1cb59629060c8f5276a8
results/runs/ctu-ci-d042-h/metrics.json,59d86948009c95343de5db37482856ef6a1d09cdc827c97d489bc3910faaabdf
results/runs/ctu-ci-e25b/metrics.json,b013080150da5da95e27101850129e975da9cf94828c7819322a45152e1e6343
results/runs/d042-compare/metrics.json,3f748b680f6e1c728d26d29e7e6d55ddb0e9c570d1f9bca86c9ca9bbb289cd7b
results/runs/d042-g-s42/checkpoints_manifest.json,48d483a99ac5074c051b549a59b5e837c61d086e0b48a2bceef5d764f52157ec
results/runs/d042-g-s42/metrics.json,e239a8541155643c3211ea4f76230dc1391f7bfc92c1179a9cc22bdd6ce9a2ff
results/runs/d042-g-s43/checkpoints_manifest.json,b3ba5d9cd7e68b0afe95b81a52dcf3ac9519b1eab10b6a2303d942dad7778de0
results/runs/d042-g-s43/metrics.json,e36b85723e2d0444f733fa34269c43ce0f63c4123680afc04b5543bf48f7e94d
results/runs/d042-g-s44/checkpoints_manifest.json,2b7b098b5faa396745cd5b96b4de8ff058d23e7fc145788cc77b02b4e296afa4
results/runs/d042-g-s44/metrics.json,4df6a087d2970c4696375428dee771707b2bf64e4014579e6633b930b7d32c43
results/runs/d042-h-s42/checkpoints_manifest.json,c0dfb7aa306b851e2d3f94c6897487998b6d11341968bcdececf8067159a3d3d
results/runs/d042-h-s42/metrics.json,845690efcea74d551faf0f70816b6353112933156776997afea9a86eff1035f7
results/runs/d042-h-s43/checkpoints_manifest.json,b18a98b9728b356bdf504b6a6bf96f5399ddedbaa3ebb19c294f8abf7a754f59
results/runs/d042-h-s43/metrics.json,bb9f0e4a886ecde0576e9f05288f049a9d7cc445ae704825e3ffb78e2799649a
results/runs/d042-h-s44/checkpoints_manifest.json,37816dcf46a47df416b7e7ea7607abe6224da69c28ef8ce8b53edd1f3a56b2bd
results/runs/d042-h-s44/metrics.json,6a2d03a7e83a8c3285f05cc8870b50ad0895c01215dd4a7210ef0a083f6d9f0f
results/runs/e1-dataset-audit/metrics.json,ff25c0c883b938600589b2bdbdda30aa1d09294c61ffa11f0c8a1067cbc9ceb0
results/runs/e10-full-s42/metrics.json,a5e485b54e01fffdf3b40ef1454e78477a5c2a72d154077d760bdf388ace63cd
results/runs/e10-full-s43/metrics.json,a9a038cf18745667acbac9cf0f617c690c45695998ecdd914776822a22355739
results/runs/e10-full-s44/metrics.json,dd9a041ed18f32f02165ca5ba52a7b3d555b9e937c3acdd07acb5653bc5b4ad7
results/runs/e10-no-multistep-s42/metrics.json,e9ddb410a6e75404c5404ba8bf07135df649dd57d28df79a1a85317486bd7692
results/runs/e10-no-multistep-s43/metrics.json,5f35ebf6427240357ec7c01c66f0481eb1ae0a2cce6ff065a20eb250195cce29
results/runs/e10-no-multistep-s44/metrics.json,7ff4ce260cdb6af0c439d0c7e5419146bf8e1fe352493da568eadb96aa74b95b
results/runs/e10-no-stochastic-s42/metrics.json,ada1df86ec23dfdf71e7c2e96de182c3b248324d40de175fe3db595e7a042aab
results/runs/e10-no-stochastic-s43/metrics.json,912f804bc7023d8aefec90e3f9ece286b8bd659a09bf3cf088538362559de909
results/runs/e10-no-stochastic-s44/metrics.json,5ebb72d015f2c5748e8288782191a5de347148ef020ba342d4e3bebb3d31765a
results/runs/e10-sweep-logs/e10-full-s42.log,d92f88b7401ff3a515f7bd00aa6de3a4c58b6062ff2b9e023b322482ae247ad4
results/runs/e10-sweep-logs/e10-full-s43.log,d9f060836190d03acc1beeafcea5dc4fd76644b47ff2c9214ef31c43642cddfb
results/runs/e10-sweep-logs/e10-full-s44.log,09ea04c46df9d77c876f03cb9fd18fa1ed38f3c0cc5c35317dc1f850d9ce9c2e
results/runs/e10-sweep-logs/e10-no-multistep-s42.log,a006f23ec25ab5533e159b87f3bfcd6d4e7e48e19de36d8f8bdb19426fccfff1
results/runs/e10-sweep-logs/e10-no-multistep-s43.log,8fb933698a9ddae5e04c583fcc195ff5abc41338b4f75de6c30196fcf864831f
results/runs/e10-sweep-logs/e10-no-multistep-s44.log,27bded0f98693c271662bee89f8f2dddf130a7e3653c6d455596883db3b4eca2
results/runs/e10-sweep-logs/e10-no-stochastic-s42.log,47f3571a486b683892d5151f044b0982ccee0ad0e04fec78995e925b04c59b4e
results/runs/e10-sweep-logs/e10-no-stochastic-s43.log,fcfcdbcaf952a68321724b8bb914e98eaf32d3c4738dfbe07aa19caf37bebfff
results/runs/e10-sweep-logs/e10-no-stochastic-s44.log,4a1d41adbbb8f258df7002d8d670799d490191c861f2aaa32a5bff1931850f13
results/runs/e10-sweep-logs/rescore-e10-full-s42.log,6bf05c491663c28f847677da93a7a9057eb15c507c4afdc98fabc4a8ad522097
results/runs/e10-sweep-logs/rescore-e10-full-s43.log,1b1dc17fb0bae198d4ecbee5675f01d30586072b0a871dad17684b9ebe77e073
results/runs/e10-sweep-logs/rescore-e10-full-s44.log,e5d96f42c196b239db7c8050bf4e853b3259d4ebbb46cb2d6320ffbab50e80ef
results/runs/e10-sweep-logs/rescore-e10-no-multistep-s42.log,a8c960ae1ea7a7b74e671e41f5e0c5b43ef0e8646dfd229d26076a3fdf0de04a
results/runs/e10-sweep-logs/rescore-e10-no-multistep-s43.log,e7181bc7fa9162f35966aeefc42f3f91f1016c740ac8ab269f0e5db26d45c70b
results/runs/e10-sweep-logs/rescore-e10-no-multistep-s44.log,1d770a747ba12dc89c329c00177abc96f91a03bf7bbee2025f2d8c20508c2aa8
results/runs/e10-sweep-logs/rescore-e10-no-stochastic-s42.log,0f6522c82abc1cdf35e4e0dd58a685461c1f4f83941ea2a85bee2850c4e56af0
results/runs/e10-sweep-logs/rescore-e10-no-stochastic-s43.log,3e41c4b5155db17bcb7154a128c5831f1b47d7a4c020e2534c447e0e52139637
results/runs/e10-sweep-logs/rescore-e10-no-stochastic-s44.log,b27f5694842a4e4c7edd1695fd696b5f57655fb5789f3678eccf7b92eac62e99
results/runs/e10-sweep-logs/sweep.txt,fd6103fb4985a121fbdd55c32af629aa5af854c84a8eccb623a37cf7a0f3a72a
results/runs/e11-e4e7-worldmodel-r2/metrics.json,ccd23a8cbeb0629ee9e630f5fe0401517313b5dbeedf1a8634e3d5945d94dbda
results/runs/e12-precursor-analysis/metrics.json,e6ac2aa2c164f6876058c56978f49c3478f07eaddce8e4f22ce90559c89723ec
results/runs/e13-scoring-rules-e4e7-worldmodel-r2/metrics.json,3363c2ba93f4a1d9179ce67eddff2771983aa31c52987ac6f4197115c0640bee
results/runs/e14-pmax-rescore-e10-full-s42/metrics.json,639f6566634b179fd2b23c54c6180ab1c6c0823153f33ad0fcf429ce86c43ee3
results/runs/e14-pmax-rescore-e10-full-s43/metrics.json,b94362bb7a5520b2af229a1d03f3d777719cdd7d8e130a711365d406c62e0e23
results/runs/e14-pmax-rescore-e10-full-s44/metrics.json,820a13aabda0957addd68fcaa8e1e16f85082cc0635157e0645ac0698da67b26
results/runs/e14-pmax-rescore-e10-no-multistep-s42/metrics.json,4bfdeac6cf8df99ab7c61aa22b2e33996c4e602dadfe2bedd248556709b2ddc8
results/runs/e14-pmax-rescore-e10-no-multistep-s43/metrics.json,584f56c41c73889fc519141badfc19395d700b20b67011861f25525bd58ab805
results/runs/e14-pmax-rescore-e10-no-multistep-s44/metrics.json,fb945efe5cac12d00bf4bc86f2f9dc7b3ec7b60a259aa26e8a4ec2e3c1d48e12
results/runs/e14-pmax-rescore-e10-no-stochastic-s42/metrics.json,4fe9bf296847a355401624038a2259a5117cdef046451847b821e03a778e42f5
results/runs/e14-pmax-rescore-e10-no-stochastic-s43/metrics.json,d1b8c13280b181dcbb19864963325d7903b7d8a95be6a0c8dc8a1b1364d1e9b6
results/runs/e14-pmax-rescore-e10-no-stochastic-s44/metrics.json,eb87ee474ea3f39c444d2f74a155d3b961520657947e3e086fc6efb5a688c35a
results/runs/e14-pmax-rescore-e4e7-worldmodel-r2/metrics.json,9cf5660209bdaa9753029c5146c1361264a00ceedd899eb7b15b6cde6c023399
results/runs/e15-precursor-r3-precursor-3seeds/metrics.json,a80ce6df22878b4c3b87a306bbe68c83f16238a9436aa52cff08d9c5af4e2bb5
results/runs/e15a-null-calibration-e14-pmax-rescore-e4e7-worldmodel-r2/metrics.json,f3d222c04f7d57b9a660ba357d7829a5688779cd75a0ae620dec448352b9433c
results/runs/e16-eval-logs/causal.log,f71466d2c9b052803d2f315038148327e1ebba638ea553828d4cd8b36454c41c
results/runs/e16-eval-logs/wholecapture.log,e89f1e3f779e27c0f85de45a40bfe97e6e1f437e31b17d8553033bfba38e1caf
results/runs/e16-precursor-r4-rank-3seeds/metrics.json,45988d1ebbc9a821ef630780aafaa71db4eb8ad20c9a6a4a5e81bf8c239e81e7
results/runs/e16d-precursor-r4-rank-whole-s42/metrics.json,d2ae5b3b7374fea7f5b7d0db4e4057c891b72b25cf3c15b668e4eebaeb02e0ed
results/runs/e18-causal-threshold-e4e7-worldmodel-r2/metrics.json,1a5807e82734880aba52854863c037d4934b4c5019efc5f0abf972d489ce280d
results/runs/e25-ctu13-s42/checkpoints_manifest.json,50a624417be73b3177973be7f35a3462c9e35fa20f756d22e7c21e1f9bf80eb7
results/runs/e25-ctu13-s42/metrics.json,58c89fe7365d55689f4a335b38a15c0a8458312a6db29b321a1cdd3d99e6384c
results/runs/e25-ctu13-s43/checkpoints_manifest.json,60e53f59a6a55198d2341977daa2231e8257b906077f7aa281d46cedfae4124d
results/runs/e25-ctu13-s43/metrics.json,368cf260c21b7dccbc2736025a3643f55169828e8ab64878ffa722ca1cd88c4d
results/runs/e25-ctu13-s44/checkpoints_manifest.json,e4bdc8d8185abb59327489a4970fb3b7b7cc1e1aa3d6d8b3d53091e03b006aa3
results/runs/e25-ctu13-s44/metrics.json,1eb99e939f96b0985d4d8e588c99af4463a3478f15c80f8f7ad25d8c30668ab3
results/runs/e25b-ctu13-matrix/matrix.log,6ab75194cc8e76a171536c2affbb775118240ef9842b8665a14c77e7032b367a
results/runs/e25b-ctu13-matrix/metrics.json,066a21fb89161429719a8505edacb883a0d860b6a06b4307de387e7f0524063e
results/runs/e26-ship-decision/metrics.json,a620a4f8f814f0e4eb0743f431ed89f572d85eb410379a82f4a88e8c4c6f02ab
results/runs/e27-check4-dedupe-ab/metrics.json,c5a6597080e5b4a314492a50cde9d2eb5009e748d0499b9685dd0f6ce58ae6b5
results/runs/e27-check4-dedupe-ab/run.log,0a5470d1a6b3307dce31314c92d5e2f54a0d96a48f08bf6bd685d4d4d1974449
results/runs/e27-e20r-mean/metrics.json,bc5dc2f89e03b96984206ba7520467675ceed5a433c94ffb73ad148ecac05454
results/runs/e27-parity-thursday-1640/metrics.json,ce0df40d0b1f02d70371ee089d344523b605ef5534177cd86f0f091b11b507f6
results/runs/e27-parity-thursday-1640/parity.log,f7db1f7abf80912c62bcc24e68ef43560656cc272eb29b2e1afbe16759d06c2e
results/runs/e27-parity/metrics.json,39b5c89fc6d3fd69faa656ae45957ad24ef291805d83a8f600a9057e3deff0ac
results/runs/e27-parity/parity-live-tuesday-d040.log,f95a682ccbe256b35f2bd64ef047603911b320514191497d305c935a6b9a771e
results/runs/e27-parity/parity-live-tuesday.log,5bc5ce389fbc3080a6b51fcd442b9c45d9324e054fc4e767343e76af9039f4b2
results/runs/e27-parity/parity.log,498d03c430de342153681b1a580fb17f4a0099556849047cdc2e7c369fdb1dd3
results/runs/e27-pcap-route/eval.log,03c62d95818f5e9e64c4b459c15cc8893b3e187583103fd0ae5773e861a539d8
results/runs/e27-pcap-route/metrics.json,c30ff2d4b19d323b63be090f3a302ce927e5b6be2bc69767d99f5fdb49d1e4c2
results/runs/e27-same-traffic/metrics.json,14d977f0f16fcb33a549c500a1b5138671760b7fea7b085813f30b9688ac2e2b
results/runs/e27-same-traffic/run.log,8babf403336b0b2fc9075ed02be87130d6047e44178255b92cab5a3d5bf14550
results/runs/e27-step8-decompose/metrics.json,83b70ac9f7e127d9862fa67b4e79bb2bc8abb9f14ee5b0d8de1718b07d25d259
results/runs/e27-step8-decompose/run.log,54df74fa6536c223430ef1be973af1b2311066c698f52ee2f8ed72d654283ef7
results/runs/e28-m3-matrix/metrics.json,2acfc19d5bcce38f751f649b11d0b784b52040d6422e25fc86330f1f3d932fb3
results/runs/e2e3-baselines-lags0/metrics.json,630e20cd0dbcc01a63d556114c9005615fb4bac6282f66a4735b439de172de42
results/runs/e2e3-baselines-lags4/metrics.json,58cfac21b145ed4f3a4b7ea99640c8aa138bde031a3915ecbca30016e036a38e
results/runs/e4e7-r2-smoke/metrics.json,c4aad52dde65d8622829cbd19ef0f94a524a3f0205c88adf16a899affebec0e4
results/runs/e4e7-worldmodel-r2/checkpoints_manifest.json,aca48f82898933e4c22440e9c4a4a1e4cc00edf29a89074913a83802b15e11eb
results/runs/e4e7-worldmodel-r2/metrics.json,4cf29ea6a62479bd714a0be8bc1be86f2f3fd466b2cbb02be270deafa77ee5dd
results/runs/e4e7-worldmodel-smoke/metrics.json,f6956c28e3236bed8c040601f4663359bbaee68129a48ac0cf4a9d6ec0da465c
results/runs/e4e7-worldmodel/metrics.json,ec0b6d461e34a00831df3d2920f565fb7bc3edb46bdc8768da05f6b5ecad6d17
results/runs/e9-e4e7-worldmodel-r2/metrics.json,1b07a277ea4682d6969889c0fbbb02fbd20927cf6ef359daf0a381d3e522e588
results/runs/e9-m1v2-e19-s42.log,d08956dc488af69972d0f8f1190a2ed6857524159e9e0f69461a15a00b50d649
results/runs/e9-m1v2-e19-s42/metrics.json,503eadb91ed7b9da9e40ea27ea06f41b1af754ce86fcbd7a8cdc2e4eee6fc06a
results/runs/e9-m1v2-e19-s43.log,213ad29965f132202eda72004f184cba0fff5f9bbf273cf799ee52ce23bb3913
results/runs/e9-m1v2-e19-s43/metrics.json,44ed66fb577e7deeaa5d5cc954f9423d5e36d2344a0e40e320ed39ce1e8c0e95
results/runs/e9-m1v2-e19-s44.log,2f85d628b85419c3440943f6e8e8520575a935ca13b7fb52c860ef766fca2c0a
results/runs/e9-m1v2-e19-s44/metrics.json,5000a4d5dc0a4eabb29795d111b7eef282937f518fda04002f9339724a56a6b7
results/runs/f1-v1-recheck/build.log,70a89407e47d72935160597233f314ec41dca91ca095749ee710113b4e4ad4bc
results/runs/f1-v1-recheck/meta.json,92131e3213744cbdefc97eb471365835fd54fe174cc79aefaebed1d8233c56ea
results/runs/f2-trend-build/build.log,874feaa6ad9b4ade6cd797bb3fef3c44a38cbb5e6bc980aabd8a2f9129ff650d
results/runs/f2-trend-build/meta.json,867b1aabdfada73f53d8fbcde8dd92c792a1ab4f74392e6063f341b3bd6f8ea6
results/runs/f3-hosts-build/build.log,de2f5b244207d57d7c4524bd0372921269d6fe9e7114e311efab6669c9597124
results/runs/f3-hosts-build/meta.json,4da2795288972bcaed5d6227c25cac20a5032a950706574883a8ab4b5fe1cce2
results/runs/f4-m1v2-build/build.log,6f7cd7458ccedfb8052176080da45d96d2f217eb1a7d1783df29412751f620c3
results/runs/f5-friday.log,4c6efa10aade17a3d483b3c388bcdadec302a6be31a28bf2eacf71da6a205eb6
results/runs/f5-monday.log,fce235d5b3e33d07e6a64340335f90025a8d20f3e03dc7ea874b74d20f9e9bfd
results/runs/f5-pcap-build-friday/metrics.json,833fcfe313cc0dd83789df0f2e9572a53ff98453f98772404b6efdbb697910b0
results/runs/f5-pcap-build-monday/metrics.json,b0fe5f52c934e92e7ee836b0c073ad9051ad43fbfb68b8ddeb3e11194412927c
results/runs/f5-pcap-build-thursday/metrics.json,f297fe3ef185fcb39e1680641633c6e8282071e27dd8596682ca2a883a7f7bf4
results/runs/f5-pcap-build-tuesday/metrics.json,c9fe3c43d8cf169fd5b001f4b14401325820e05c96e7a9f41308655990e491a1
results/runs/f5-pcap-build-wednesday/metrics.json,d0b8f2cc07f51a85b13905c65f74cc07e88f59a47140edede7c73a00c0d6437e
results/runs/f5-thursday.log,8051b260a83e7da75ed4d9b108b8bcab96fd724f481abd49ed36228ea46a5e62
results/runs/f5-tuesday.log,f064491727b8d25fa0eb8751422e65ee79e670f49637b38bb7b3a1ee2f39faf9
results/runs/f5-wednesday.log,c9e5b24f5330cf002649826f02063871c164ae5420ad0cd848717721a044cfb6
results/runs/f6-ctu13-build/build.log,ef735b4659953deac77bbf3aec74138e491ba68e3d36175d695bf530fe7fd6af
results/runs/f8-final-e2e/e2e.log,9e6700b96db299ba091e3f2e804dce775c1381d464c24f2ced80fff5d902b0b3
results/runs/f8-final-e2e/metrics.json,0db2c195a9170271ff3e95fa5d7ab3d975bcb38863a43e683e2bd2f6cedfa6be
results/runs/f8-final-e2e/pytest.log,d24a9bab61c97b0ebeab42108c0aa1960ba21dea60e36b021a073343e2d728cf
results/runs/lr-ctu13-s42/metrics.json,af6640b05aba35d4c4db8532278341b6a392a7f3dbda8616df612de8e8f69c5c
results/runs/lr-d042-g/metrics.json,ab85064517e489259a4de9b5c5ace63c528459f32a2daacf0bd9aba883ab4f69
results/runs/lr-d042-h/metrics.json,6ac1aaeb9be7717f8e1cb700460a51cf6b1991032eccdb6ae86a27efc759c59c
results/runs/lr-flow-s42/metrics.json,f0c8b6a0a128cf9ae21f75b62d68dfd286a5b649470695a9f5e2d8fdfd561128
results/runs/lr-m3/metrics.json,9e98729d05d2524b4271683a8714b0c28d685c28bae6f8fb1d16f8e5552bc7f2
results/runs/m1-m2-evidence-freeze/files.csv,f036b951f9ecd61d50be1d5ed5f134fbba4f6d800af07b20f0afb40fb01a2765
results/runs/m1-m2-evidence-freeze/manifest.json,1c082fb2ec8f1f3abf42864f99f75d787794a591c132791c30e264bc42e4fca3
results/runs/m1v2-e19-s42/metrics.json,8d74cb0d7a717887399621f315ee85f04992eedff735f7538d7eb9255988a618
results/runs/m1v2-e19-s43/metrics.json,c2d7495f3bdd1cca62d0ee2e8acf869e2755aaec162965bf1bd3f734997eae07
results/runs/m1v2-e19-s44/metrics.json,b905348c3d6c8870b0695d0452d28d5fc266379a241ee681112735a624b0e22e
results/runs/m1v2-e20-s42/metrics.json,a890d7499f785645572f5c9adb72659546787ab90bc14fb42c8bf937e5bb531b
results/runs/m1v2-e20-s43/metrics.json,d40fe8a66252b0136507a932181fb24a928734dc1d2a6f4bf0f5577537563796
results/runs/m1v2-e20-s44/metrics.json,6eebf7250031c69d140b9af3410518c5756626d2bffb868f6989a062f22aa977
results/runs/m1v2-e20r-s42/checkpoints_manifest.json,2e0daebb81196e1b1620e9188ea8c7d0cd22a76002cd989a20a5cb2275b738bb
results/runs/m1v2-e20r-s42/metrics.json,cc939d80ffd377dda101b2a8d13675810cfe9767315690a25e56f053e6c5e25d
results/runs/m1v2-e20r-s43/checkpoints_manifest.json,dc9bd2b3dfdaecc6658ac5d31f76aa81bb6d6f76414caaf98cb750f193ccdaec
results/runs/m1v2-e20r-s43/metrics.json,142f8956a38d25ee4081179922b51c17ce02d8c662f68d388a2cae22233663db
results/runs/m1v2-e20r-s44/checkpoints_manifest.json,f4664d0dd3a82425b1beeabba03563af600b5fa5880d0d19c1d3fe036feba492
results/runs/m1v2-e20r-s44/metrics.json,090a76f7577ec84de5fc4623b2a8efce663dba538e6b08fd631bf6f373d08e5b
results/runs/m1v2-e21-s42/metrics.json,fd7b0f97eb8373dbff1f3d19c20f3e71126f03b31ff36dff2ffe6c278762365e
results/runs/m1v2-e21-s43/metrics.json,549fd39628e6259b9c0e15e1454dbb94cd8152761e998d61da48df6251483738
results/runs/m1v2-e21-s44/metrics.json,47c5c40a5de95d219b9df0aa03623e91c00dd654cfbd95bd0e073138112a2d19
results/runs/m1v2-e22-s42/metrics.json,90cb5c4dd73ac4978868dccb2a712c73ca494db3ced001130c76912827f5bee4
results/runs/m1v2-e22-s43/metrics.json,5e5c656625bc843c9baed2df767348a0d8ad3e83d079d2376face21f07ea0035
results/runs/m1v2-e22-s44/metrics.json,be2c7f26be292ec73232c186392b3adeb9b5ec339feb433fc723412db13dc74d
results/runs/m1v2-e23-s42/metrics.json,6169622f8f2e892efc0009528826ea4a3ac6c12d0b53f20b4d00159988536654
results/runs/m1v2-e23-s43/metrics.json,35fc06dd432d615dae4922eb88af9f3f7432085534821364c3be51ef4f831f33
results/runs/m1v2-e23-s44/metrics.json,bc440f1473240f20143dfa5f8fe7161924e948ee584333782c14f487a194bfe9
results/runs/m1v2-e24a-s42/metrics.json,c34c5884e2ec0294012a59c78111b73751f10f378aaf636aff373b6a342b4cb8
results/runs/m1v2-e24a-s43/metrics.json,91a58d70edeca1a882b9f891b3ff13ce8be7fbc93cdaac7a774e400540cea33e
results/runs/m1v2-e24a-s44/metrics.json,c38a72808390511c4cd25d63e68ab673699962a7e15316d632b1d5cfba96bd2f
results/runs/m1v2-e26-s42-csvmode/metrics.json,e52199ecc942fad5c44e4b142dd274640924476d5cb0ef62375177ffdc2131af
results/runs/m1v2-e26-s42/metrics.json,3953f50f504b89021f422f0ca35810426e4c15af2814a232bd80c3af3a166d8a
results/runs/m1v2-e26-s43-csvmode/metrics.json,763d7c0d5594908794c593ad5508f838fd445fcb11853c0237498128c20f7783
results/runs/m1v2-e26-s43/metrics.json,1707188d24d81439ffa4ba4d05d3decff05b59e2746e099937f69f5c858af83c
results/runs/m1v2-e26-s44-csvmode/metrics.json,96bba6b46bd49a5df42a7a0740dfa789aa5e67f7a6d0f2385c5a55cec577a99d
results/runs/m1v2-e26-s44/metrics.json,038fe6e9ede38c9d4c368a609a65804891e8d28c57e45b4739b9fa81d2c0f2a1
results/runs/m1v2-n8-e20rw-s42/checkpoints_manifest.json,c9a0217b5ddb977efb9b3f55fdc4b5adc6130100edc69117c0878a328170fb81
results/runs/m1v2-n8-e20rw-s42/metrics.json,bfcf095dfffda915204e441db23b9ca36a5bccb88201a930248cba81463dcb72
results/runs/m1v2-n8-e20rw-s43/checkpoints_manifest.json,b2a6ff10a74f66407d59beba84660ad426e2990050f410f183b1592522580e53
results/runs/m1v2-n8-e20rw-s43/metrics.json,2a4137b7642ceb6de69f76b53173a76196c433146f4bb5123ba49bbdaaa97851
results/runs/m1v2-n8-e20rw-s44/checkpoints_manifest.json,4abaec6711a03fdf360e45b9d6672cc4b1264d5cb2947a78047935ea2788981a
results/runs/m1v2-n8-e20rw-s44/metrics.json,bb7f358090be73a1da79d669042049bb9a7d5024710511d742198ace73e4fe05
results/runs/m1v2-sweep-logs/e19.status,d2c4e7d806e974f18bd19b7c7e2597c80f78d30ab23cd29a9826dc2c6af7064e
results/runs/m1v2-sweep-logs/e20.status,d226e6100c7bde75d98b248a60d8e312042f1c95b7cccd9f5a9b70fe84de41ce
results/runs/m1v2-sweep-logs/e20r.status,80468ce5c0d8b63c82d75ba0dfba23884e0869e8bf3fcf32172e392d5f535b24
results/runs/m1v2-sweep-logs/e21.status,e202ee58c4ef0ccfc27de66450a4ce933338b853849dbd9af9a7df8406943cf2
results/runs/m1v2-sweep-logs/e22.status,7580aa66aadbf01e2198f3d0e1475c176a8a6dab5259681678d2c0a4b272dd3a
results/runs/m1v2-sweep-logs/e23.status,04476f8729cd73466966f4459d3fb8715309c2c1ea2e22b1450a3ee0a26ad93f
results/runs/m1v2-sweep-logs/e24a.status,ee460b0bd91062e2068644a6d81b42bca1e1910478d00e07a0c336aa34ffb303
results/runs/m1v2-sweep-logs/e25-ctu13-s42.interrupted.log,c47e48d5ce700b4a9d2eaf2eaf5ceed4832fbaec47448746342a2f4cf3cd85d5
results/runs/m1v2-sweep-logs/e25-ctu13-s42.log,4d48b7c0e932b40cfb86d4146d14814a38454b54023b95a2bf58d28ff1785019
results/runs/m1v2-sweep-logs/e25-ctu13-s43.log,788df57a27419d6d3c8b5148dc23e3a9ffa85ac59186242ea1c5ab0f478671a0
results/runs/m1v2-sweep-logs/e25-ctu13-s44.log,249ac8a7c3c165814c087a717f15304c47d805136f1c480b434849b7d8bbb67f
results/runs/m1v2-sweep-logs/e26.status,4f85aeb52c2370c99088846fcf7753a4c77612016ad479d18c02319ca6f00c76
results/runs/m1v2-sweep-logs/m1v2-e19-s42.log,ada3015be9c603f39339bf1d0aaf728e2913a877aae6524a66548eec95da1b8b
results/runs/m1v2-sweep-logs/m1v2-e19-s43.log,e89119c4e4623c1b8ac318b454f64b210b81a9b637d381944d9c4cad09b17ace
results/runs/m1v2-sweep-logs/m1v2-e19-s44.log,54c38f2593b068b6aea5d42d4477fa71d87a2f6622a41040b7001066f060314a
results/runs/m1v2-sweep-logs/m1v2-e20-s42.log,19f397376bdf5ba719d524b111b40dcf593761f492ba8ddaade71cd53eaeaebc
results/runs/m1v2-sweep-logs/m1v2-e20-s43.log,d61c1d294aba0295b9e7743ab63a9d1085840d56d4856c1fdb94ed89a1c00ceb
results/runs/m1v2-sweep-logs/m1v2-e20-s44.log,7e51179083eaf1b952f002d4d974d033884d83ef47a7db86514aba7c8d466b54
results/runs/m1v2-sweep-logs/m1v2-e20r-s42.log,72ddea65b57b67871e1c31d8dbcbe8dbf73eb52fff9796a4320a8051aad2f070
results/runs/m1v2-sweep-logs/m1v2-e20r-s43.log,e1ec6be3b0209d244f94a4f2bab5d6da886eca2505811ddae1e005747c6e1191
results/runs/m1v2-sweep-logs/m1v2-e20r-s44.log,06b8682d67aa83ce3900221ed925b026a0c3ae823dde31267f3088da01ba1e14
results/runs/m1v2-sweep-logs/m1v2-e21-s42.log,c2aec42f11a662878016de9cff67727c6666c3d7b6845025c3891def1d50db65
results/runs/m1v2-sweep-logs/m1v2-e21-s43.log,81db6e1b45ac192097c7db3a6d5d691db499736e7f03dbe3002883271edc60de
results/runs/m1v2-sweep-logs/m1v2-e21-s44.log,7a197d26376db2265cfecee882e9b55b01bddc899f56bf7511bdda93a65baaee
results/runs/m1v2-sweep-logs/m1v2-e22-s42.log,a7e816ae96ebd4e008f9027b36fcb3c549ddebf34de11a96ad17936b709d84c5
results/runs/m1v2-sweep-logs/m1v2-e22-s43.log,16a606bb5326f9cbb1fde42792848fd04bf048679fa7e83c0896832dbfb50a7e
results/runs/m1v2-sweep-logs/m1v2-e22-s44.log,cbaca3204ba9cd86f400159bfc68a1489068cb116f61ad1a7f78e00eda093a50
results/runs/m1v2-sweep-logs/m1v2-e23-s42.crashed.log,1a5b090de7206365e146b5186dede60311fc76a396a0b2fdbc69b77060362f00
results/runs/m1v2-sweep-logs/m1v2-e23-s42.log,33c8ac133966e6119c965742e4bac8be2b04ae0db049d98b2a65cca50c1e4391
results/runs/m1v2-sweep-logs/m1v2-e23-s43.log,e0e9ed8dab48e895f5589f124f9db5c630eb0f41ce315fbd7448ca9d290c1726
results/runs/m1v2-sweep-logs/m1v2-e23-s44.log,51eb500dca2200a5963257746aba7c21b7887de07ebc8b070251614c47b62eb0
results/runs/m1v2-sweep-logs/m1v2-e24a-s42.log,ee44c33ba6e40bcfc57a0c51eb5203b7fd77cc69f87d5e039249aeb67fa01aa5
results/runs/m1v2-sweep-logs/m1v2-e24a-s43.log,f422774c71b94847c023afd41e91f3e608f741fbb66e0f685ac233e4b53859d6
results/runs/m1v2-sweep-logs/m1v2-e24a-s44.log,1a1a092915c62fdf05bc121ea780d710e7ba7428d765e0aecbc772afe1c35b49
results/runs/m1v2-sweep-logs/m1v2-e26-s42.log,d2bff648068a750423d4ac9dcd6222348675be1f251c23d21459ae3804f1dd8a
results/runs/m1v2-sweep-logs/m1v2-e26-s43.log,9096de18b465fb53fbee99d392bdb4329276207854a913bce2d32fd336a9fd6a
results/runs/m1v2-sweep-logs/m1v2-e26-s44.log,43069bc1951f19d4a26fb9d35223d70fb904f34a8732f44281395ac7cfac225b
results/runs/m3-build/build.log,d18b4c31fde372dd36ea8d5cb6713143b41ebed5d47b8ac1ce65c16913f8067d
results/runs/m3-build/build.status,dfef4358410230a688f726f684f36a3f43a0e0e2f3f20b01ae9266459f1d9764
results/runs/m3-build/check_chunking.log,2d8402a1fdc46d9cad1bba58bc32e63567721c22d72d0910286f87cd12198e5b
results/runs/m3-build/extracted_crc_check.log,e5d459b9a9e329557a35995fe87b6ca17f2b6e2f008dadab0a2ad7e0a6352495
results/runs/m3-build/run_build.sh,b5507882d210754c41f162808251a70d6ec77b5bf033f219b58c7e8d096f4cc2
results/runs/m3-inspect/inspect.json,e55e534e9dd69bbed96a08723a4b5821996bf03b1f4a757bb01ba673c97c77cc
results/runs/m3-inspect/inspect.log,3693b2eeb80d646588368c12ba156d5044881782aeeca2e4ba26b17561ed2447
results/runs/m3-logs/chain.out,e3b0c44298fc1c149afbf4c8996fb92427ae41e4649b934ca495991b7852b855
results/runs/m3-logs/compare-builds.after-oom.log,2cff961629cb34ca6b64e9509367795a6ddd288618993ed512034b7ea437adb9
results/runs/m3-logs/compare-builds.log,8f58675436c2b786f8baa801a216e24beda575c11e38677e7d69a3250321246d
results/runs/m3-logs/freeze_build.log,5ce2b61e9d8c3dbd9f36f19a08d69576f7bb2857c04b9c241e8b40795a04986c
results/runs/m3-logs/lr-m3.log,9820ea1a8e9fc95d15c14d4a91740cbf6770523df3dfa528cd0498298518d623
results/runs/m3-logs/m3-matrix.keyerror.log,30f691489d054435f4fe334cbfe48cf5055feee7bba191974dfcd87de9054418
results/runs/m3-logs/m3-matrix.log,2d38a85651605328d01fdaaf3b0416739dc96d66a3736c2d5d0a85b2668d3bd0
results/runs/m3-logs/m3-s42.log,77091afd5bfb1a4010d8ab7a9025d3e3ea9f691282adcb77a911241662203bc7
results/runs/m3-logs/m3-s43.log,4f419a92d8429850147f96dca02607b2933fe5012ffc021c4c0a186406a491d5
results/runs/m3-logs/m3-s44.log,9361a867f5b7b36e0a00cbd5d013ee1e55ee3918512ca6dbe95a738a7c95c9fb
results/runs/m3-logs/m3.status,adca016d3d6f5a556d98b6f30ab12d9258518afc802ca239218cb64cc24ac583
results/runs/m3-logs/run_m3.sh,bf7963f273a31bf24c628c6ade6b46b97de374d5978120b57a98d43deb09be73
results/runs/m3-logs/verify-build-1000000.log,87fb52203aa5e3a52eca9b0e3c2dcfd119c96bd207f18c679fa85708cf93f3c2
results/runs/m3-logs/verify-build.oom-feb20.log,aa2a8507bbe4e043c31fd54edda06905ad3a14408a974cba4a2015b7fe5de261
results/runs/m3-s42/checkpoints_manifest.json,315c28735fee74d9257cdf897026b1ef677970176c9217d17cae95abf07ba368
results/runs/m3-s42/metrics.json,4546b8aacad3c9130aa7dcc76dd5b00a026f54a71fad4d6a856c3f29fd2f0861
results/runs/m3-s43/checkpoints_manifest.json,1c126d9a0b2f2e46b115aaed189198e20ccd4c6e7f5938e7e1f5ace9aef32ce4
results/runs/m3-s43/metrics.json,7632251b84a5f3cb4dd9eb7560a4caa142e3dd08efebe44498159e9e4e63bf7a
results/runs/m3-s44/checkpoints_manifest.json,83aac9d917cbe212a26db5c03929b2e0d4ac8bf50552f36b84265153dadca27d
results/runs/m3-s44/metrics.json,25d0d43db0d27270661fdeda4e8385dc85efab5ee7e99a537eabaac7d10da07c
results/runs/n6-ctu13-inversion-s42/diagnostic.log,0df489c99963fb7fb1507492b91b73c6ad7c15b09c8a01aa775732364c22b900
results/runs/n6-ctu13-inversion-s42/metrics.json,7a16aae8a2d9982c4f7f568b23b23be058047a0df1a5b2c03c24a3bb8d3d7326
results/runs/n6-ctu13-inversion/diagnostic.log,5bd229a0acb093eb23e0b614dc8980a3b1956090c1c4b2f84f49e40355149f8a
results/runs/n6-ctu13-inversion/metrics.json,0eb41b239c15a1190aa77879bd4a32d0d78019aea3ede5b2f99511b712bab726
results/runs/n6b-ctu13-perhost/metrics.json,fd6eada9ff87579fcf2b45f998b38e557293eeb42f8eeab84754430a6e589bd4
results/runs/n6b-ctu13-perhost/run.log,e2077dd91888c11195a4254238d1999f4741b0ef158a4b269ebb0aeddbef20f5
results/runs/n8-ctu13-positional-length/metrics.json,ebb395c960cd3d22f8fbb271b2037bf902ef47f048e04b83afa4e5312e027aee
results/runs/n8-ctu13-positional-length/run.log,b85a614cb8446f910d4ab2b7cc88000056d8ff428a617c3c9e7be020f6a66599
results/runs/n8-e20rw-mean/metrics.json,bdce3109bd66fe3fa7f693153a6cdaacf2ebaf3e2b6afd182641fe15c7b80761
results/runs/n8-fix-eval/metrics.json,f4a1e29ebb387d1fd3ee55ef42996310c9b556b616f60f11d1c3d3b2635bb3b2
results/runs/n8-logs/chain.out,e3b0c44298fc1c149afbf4c8996fb92427ae41e4649b934ca495991b7852b855
results/runs/n8-logs/chain.status,6839c0cb7e44f3a2b96b9b57c013b2b3f441bc976f73b1a377c8fe8cf8416212
results/runs/n8-logs/chain_d041.out,e3b0c44298fc1c149afbf4c8996fb92427ae41e4649b934ca495991b7852b855
results/runs/n8-logs/chain_d042.out,e3b0c44298fc1c149afbf4c8996fb92427ae41e4649b934ca495991b7852b855
results/runs/n8-logs/chain_d042.status,8965c96b6a8d0ccb58dbe93b0bb9b0849e95d08b70bfe3a8874c4e5e9638cefa
results/runs/n8-logs/chain_d042_par.out,e3b0c44298fc1c149afbf4c8996fb92427ae41e4649b934ca495991b7852b855
results/runs/n8-logs/ci-d042-g.log,d8cc5bef049bf7247ac0826b2cd81d0cede4199a7c237ffaeb21a56dd06d20fd
results/runs/n8-logs/ci-d042-h.log,6caf8b4cef6f40420f1932f653685f07eb88378e62e28aea08aa2ff6d9b87f60
results/runs/n8-logs/ci-e25b.log,07d33329e8c3e022dbcd4ae99dbf597c18a2a5e8c387e1ed722598ec776598a3
results/runs/n8-logs/d042-build.log,f606d5d6cd798e0b1b4da75b3146b0b93243cf2d15651e0f4a7c742ab1af7db9
results/runs/n8-logs/d042-compare.log,d359ad70234b867dd112c394078a530e6af1909902692d4d07fae04f7b62894b
results/runs/n8-logs/d042-g-s42.log,077c24811b0a91ad3e8093b26437eb9fb80b88d23aa5d3bb1df56841c124a2bd
results/runs/n8-logs/d042-g-s43.log,153553654c0895c55ded5a33ea52bbbd5acb84759960a962ac4d6040566abf90
results/runs/n8-logs/d042-g-s44.log,d5b54c348bd82c5106177419a338530baa415396626411377f8319234a36152e
results/runs/n8-logs/d042-h-s42.log,84870a9c40a9977fdb382a35ebb22adb40ac14389d96784e10b4548fdf7e0e0b
results/runs/n8-logs/d042-h-s43.log,e04f69a3c4f0bbced1b2ad1781e673ba4ea989078c548b1582ba104991ddb2a3
results/runs/n8-logs/d042-h-s44.log,4dbc9a9cd979c44daefb15d795dc02325b8e3dec919403aecf3df396cd50b4e8
results/runs/n8-logs/lr-d042-g.log,fbe6e81dc729b06abdc7939a804237db6a6cba59af2ee61ebd70945380716ac4
results/runs/n8-logs/lr-d042-h.log,19f70333932f004494eecb2e99fc2bf62be34b906eb5bee7eaddb166225def45
results/runs/n8-logs/m1v2-n8-e20rw-s42.log,d16db9d19a9cd921af8b0e28944b0178554baad991ab6b82bc6c68645285c9c2
results/runs/n8-logs/m1v2-n8-e20rw-s43.log,79fe2b626f998dfd0ef5d74d3e36a1b185573088646450477f5cda224244785f
results/runs/n8-logs/m1v2-n8-e20rw-s44.log,347824d932285302d603f7bed83f0ee9764278a32c64a916f024384f31e5eba2
results/runs/n8-logs/n8-eval.log,efeb15401abbfb96bb2b920bc264c1891998673998529b7f39efe2972bd620f0
results/runs/n8-logs/n8-full-tests.log,8c8647a52310c85f870ac0c149c199b8b604440b245fc3a7ec031cd05415d0e7
results/runs/n8-logs/n8-r2i-s42.log,d9d6128fe0dbc04fa9e5095268786fe07f98661cfb01849701a16295d2c27668
results/runs/n8-logs/n8-r2w-s42.log,d2ea2bc83388be3ff8a41a82efa6eb84baec63b6093918a70bce3963913cd88b
results/runs/n8-logs/n8-r2w-s43.log,f27ef3c7a88e4f9feea93d110f75565649df72a80fca32da23ae264555eecc89
results/runs/n8-logs/n8-r2w-s44.log,bb3d763ec2e9df52ca6d4f71c9b1314370fe94b52d9be27fb23bb1f2be73637e
results/runs/n8-logs/n8-unit-tests.log,105ed4f405afd10cd5409836e23119c7223b1a18b9fd2dff74817060308a744d
results/runs/n8-logs/run_chain.sh,4ddcf11605a63cfc60873c6a62de109215da3ea9d1631294fb890d1c7c7d472a
results/runs/n8-logs/run_chain_d041.sh,2e902e4f00ab73e689a063541bb4c4c2b25c5b0417c905a858a00b89e84eebf3
results/runs/n8-logs/run_chain_d042.sh,9325a1a7c1146ddf39df8bf670d3c96aab34645c2d271ad0f09178e86e94e8b9
results/runs/n8-logs/run_chain_d042_par.sh,4671faa8ec6d0f70f5f0aed1e9fec242b7891378b6dd20c85e8f4f9874b7a1f5
results/runs/n8-logs/stopped-parallel/m1v2-n8-e20rw-s42.log,a059b3bb46b7cadc131f1886756d909869695998d7960bcdb1332ecc67e97ef3
results/runs/n8-logs/stopped-parallel/m1v2-n8-e20rw-s43.log,95177404b505828c8245f481d171deecf1d9c9143e132e76741074f114f496d6
results/runs/n8-logs/stopped-parallel/m1v2-n8-e20rw-s44.log,57419d5ab21174b6c74192abde5e5bc342ca3b1a07cdef390f8472bcac6cf3fa
results/runs/n8-logs/stopped-parallel/run_d041.sh,bd59edb67c2b8839ee0e2ecf3efc0b49b5f7e9056b90ec3f2b1fb8d1fa57c526
results/runs/n8-logs/stopped-sequential-106inputs/m1v2-n8-e20rw-s42.log,bc3391d71cd103f6d85be340d501ed502104f07d3c1e457a7b4f9b49a3a7c53e
results/runs/n8-logs/stopped-sequential-106inputs/m1v2-n8-e20rw-s43.log,424a2850862fa935bebe5f9c15150fd00f9453e40525f1f88bd36a98e49b4e0f
results/runs/n8-logs/stopped-sequential-106inputs/run_sequential.sh,83e50d506b3826bef1bc423d907c436729583b7e0f9d04d96c55c9e4392c5695
results/runs/n8-logs/stopped-sequential-106inputs/sequential.status,3a8a6ac312f74296976573c52c4d070c6e61f8b1e34c2d19c146cd5fe30a39cf
results/runs/n8-r2i-s42/checkpoints_manifest.json,56058d68287ca6be72093ee5df8127c93bfabf646bbc0287581bdfe0cb8dbebd
results/runs/n8-r2i-s42/metrics.json,40b4a1470650ddae5567aff6eb8ce78755eed4fb1def189e2626c11806618ad3
results/runs/n8-r2w-s42/checkpoints_manifest.json,978231f3a24d527e4e9979a1299e267d3397a40f1069420281eadb3ccc705cdf
results/runs/n8-r2w-s42/metrics.json,dc60bab88c4ba9f760c636a29323be107ccceb28492eb360ccf9634eb0b8fd8d
results/runs/n8-r2w-s43/checkpoints_manifest.json,1a4ffd0a0ade7ba7f01c395b5ae252f165b0e6b8037dce89d77611a5fb4576de
results/runs/n8-r2w-s43/metrics.json,e3990fc8e0c6efb5457c0fcb2382c44c3b9aabd5da7f206008e1f0a1102fe609
results/runs/n8-r2w-s44/checkpoints_manifest.json,d7e50466d4bc0e4af61385836534e8637699b3f30d4de81ee807eaa94b8a317b
results/runs/n8-r2w-s44/metrics.json,71d53b962166b94c0c65c4b1f91c39db5a125acfe2ed3ec4f71c667fd821efb5
results/runs/parity-thursday.log,410bed9ee0a7c35aa3d4836d52920aa9b2105980a3fb5e058f3a06813ed43e8a
results/runs/parity-thursday/metrics.json,9791cf196d5d5616557de483da78079aebfafdba3eef784c4ffef6ec5eef86d9
results/runs/r3-precursor-s42/metrics.json,15d920d0d2c8896ce8f069d0b26ea8e1b7b9c3e3b8e030c9a1293ace6c8fab56
results/runs/r3-precursor-s43/metrics.json,3f9c69c725683e20026b10bfa201096c93931671bb0bb141d031495f21ee58bf
results/runs/r3-precursor-s44/metrics.json,d03fc6f07b306e7c8973c29f247825e260d6875675b54637d55b100b39632981
results/runs/r4-rank-s42/metrics.json,301c6244c25217c559aac67c8d96b64b244007a4d9ae2fb64014cbf07bf2fd7b
results/runs/r4-rank-s42/train.log,5c108e9128a791005d0838482d7aeadd48e25cdd020c13671aa4fc3b26ceda55
results/runs/r4-rank-s43/metrics.json,f00f601fcdb1702fe91d7cb3acf1facd1eaae5f5e643b343825aac585ddc1491
results/runs/r4-rank-s43/train.log,1b9127691723829df16f3ad7e7fcab95f6d5c1b29da08d20a45ea8b11261385c
results/runs/r4-rank-s44/metrics.json,338fd313732b49f58154026fd5fd108c675a706cf59df04ebc693c9dd4d7d4ac
results/runs/r4-rank-s44/train.log,6fb26e5675aa3eaae86447cb0f3d1a52822b54fceb1cc1e58c62369870a66552
results/runs/r4-rank-whole-s42/metrics.json,3d238876cbc496ed501019b8a6829fc3c98bbde7df8e532154d9f42ce9767494
results/runs/r4-rank-whole-s42/train.log,b32c145c32d1096fef5d044da2b10451ccaf99a9c35e57b7a6e129b81e12019a
results/runs/reference-m1-2026-09-28/manifest.json,e72caa87a1e8d81b43a17cca28e12980d54cbfd51a879055c07c5b3a3dc17f59
results/runs/scorecard-e19/metrics.json,0b110419f299cf931b1ef0aa0c594ffa84874725e688b91089ae400274d6fb93
results/runs/scorecard-e20/metrics.json,6600aef251a6a1a7ce6bd9e4e0c13304d40e1c906068543af6521b2befd88f8c
results/runs/scorecard-e20r/metrics.json,8c82d4320caa670f664139b31cf92f9a7a311b298e0a60c8e18c19e37043ddc3
results/runs/scorecard-e21/metrics.json,c30abf864e562201280a5218deefe8b93111e27a48265501413ef4f098ad8dc0
results/runs/scorecard-e22/metrics.json,f790d1dc87cccd413dce7e173e3a68b25fc222562d310fa4fef105aa9c409038
results/runs/scorecard-e23/metrics.json,f30d33fb5f00ff09f5665d303b590fe751c728bca705d279f2adf8a9c0ce92aa
results/runs/scorecard-e24/metrics.json,7987401bd9b5e32b3f125451b1619b80d29b4e345f7fe967479fba98eb1b4413
results/runs/scorecard-e25/metrics.json,51324e729fe9c008a2725862b87c4814d2b373c6cc7374dec886dde6769aa6f6
results/runs/y6-sweep-exits.txt,905550d1f55c3f92728e3dada18d286138c90e3eba68c09041d55df6c9e25748
results/tables/.gitkeep,e3b0c44298fc1c149afbf4c8996fb92427ae41e4649b934ca495991b7852b855
results/tables/benchmark_final.csv,5913640035138c3e53947b4f5acbd85a314ff0625ffaa03eb37211a716218b1e
results/tables/benchmark_final.md,86203473f3561007a2c85e8c33ea62fdc52ca7c185a708d81c3b810ef7bf1bef
results/tables/ctu_ci_d042-g.csv,e25967bfa70de753bd49f517e86806508bd2be0a7db3780ffed006cb5839f4e0
results/tables/ctu_ci_d042-h.csv,42141877e0dc524cfd8429fdc48197d630bd33c57f336c2a3d20f5178e4ef713
results/tables/ctu_ci_e25b.csv,b43eb053a00de807cbb44c4b0a3e41e07c8079dca8c1d0c8a6ff742f6adab67a
results/tables/d042-g-s42_forecast.csv,0ba611cc150968b6d4cea910c79a10a526830ccfd031e90f0d42f380e8bde8cd
results/tables/d042-g-s42_training_curves.csv,9913e7c614e7cd7a49c63e0fb346930454d9c9f501b2b08bf1d7f9799dd47795
results/tables/d042-g-s43_forecast.csv,096abdd43b79b9e8e038cf8bc89f673ac6e3556c749b5831639bb57dbfc95db6
results/tables/d042-g-s43_training_curves.csv,504487e813007746f787b044be98ed8ded0bf771e358987ef978fea14c77d649
results/tables/d042-g-s44_forecast.csv,4f778abc1a5fd00835d8219a8ed733fd3eca9684cd037e6dc8ddb5e6b86737f9
results/tables/d042-g-s44_training_curves.csv,b74226ce2c734f4a9a75835b6d66fe80bfc11a0117f1f504eba774342cf6cbf4
results/tables/d042-h-s42_forecast.csv,bbaf6df1acee3adff41291d66763e063889316e13339d473dbb82a5825440cf7
results/tables/d042-h-s42_training_curves.csv,4f7fef0fe453417b4baf145bc0e3cd30c1508d1256c4e018a2d41bb178b593e0
results/tables/d042-h-s43_forecast.csv,7bd35ab662477bfaf40c81360452b4415ccca069fce800e2b2d773757987c248
results/tables/d042-h-s43_training_curves.csv,e87bd4458943ba432bb6f1c4a8b53c8298833d84202531b14ee9337fe78e7da5
results/tables/d042-h-s44_forecast.csv,bc54961b4f3b3a12b4c0f3a5314dcf01f58ee79a89ef7344d35a701ee74455f9
results/tables/d042-h-s44_training_curves.csv,67e1ffbbf84ee6d35b021bc258634823febe9d09a6c62934b8972bd68d33a19a
results/tables/d042_families.csv,0d59dae07c3ab2dc34cd5e3da702f9cbef00be688d14ccccf35c63f210de8eb4
results/tables/d042_paired.csv,d522fd5261b92ea538958cd7330f7f30f12c78c48e4d1a6360c8c8743d6ef5b1
results/tables/d042_scenario_matrix.csv,523a90d75d9800ef6c5338735efa271696c5588ffb9d1eb21dcc4a3f3ed18743
results/tables/d042_scenarios.csv,1c1bde1965f3b1351280b83d9c1a460cedc9564df13010b9832cb6b9f8b5a616
results/tables/e10-full-s42_forecast.csv,e71c24f744fd680ec6002d2a955b091cfde7561c88950784ba1c723b4781d94c
results/tables/e10-full-s42_training_curves.csv,d09c3268a6c42e3d545f4827c4fd04775e35122c2c911030f11c782fd302ad1d
results/tables/e10-full-s43_forecast.csv,fa2489ee6fc0fb636bbbc7aa5b7a86fefacb8444d0155253f380bc3e7caeac4b
results/tables/e10-full-s43_training_curves.csv,b6a2ccc52616f6b550f91f70276f9012987f42a75d8fe15811b55a8d415fd972
results/tables/e10-full-s44_forecast.csv,e9a4f4ed50902f9cff311f4b16955b881c05a6187626d9f6e04fa7169a65a7b8
results/tables/e10-full-s44_training_curves.csv,cf0c6af47972ee44ba66dd71e8f5c417b0d1337cf3a22a3dda48ebdd520520a1
results/tables/e10-no-multistep-s42_forecast.csv,97f8d2048dd4a1dff80a34117ec1b05400452fd34a2d632abc98e997451b9335
results/tables/e10-no-multistep-s42_training_curves.csv,ca1ce95dbb525a1a597c66b68052a841607425c4837a40ed3a55d8308da8f72d
results/tables/e10-no-multistep-s43_forecast.csv,c6849598ad5c25955f558a31174c92e596eb6211cc2b722fc7e669bfe2848802
results/tables/e10-no-multistep-s43_training_curves.csv,4d3931e922c31ed6b9f54764c9a9854f2b0d9a19f986acd5f820d8fffe45cb9a
results/tables/e10-no-multistep-s44_forecast.csv,283a523ac5a99d1ac5f9a2e16a2087c419623781114b24cfea7ed0015b4c5f16
results/tables/e10-no-multistep-s44_training_curves.csv,451ae8a99ea8c770cd09c9caee554671b2377c6f8d6d401ae64004aeab915079
results/tables/e10-no-stochastic-s42_forecast.csv,ff03c6dcd503a87cb4cf1158084c333ff6e4ea707cd1b9a7a0a02b924846f5ca
results/tables/e10-no-stochastic-s42_training_curves.csv,c9e4b271118301dfede709ea36408bed889997d08819c82f5ba52a0c043d3f2d
results/tables/e10-no-stochastic-s43_forecast.csv,ad3cba5fa7ecc5eb7b2002616cdb5be2569c61b532070a4f500bb866ed4c5266
results/tables/e10-no-stochastic-s43_training_curves.csv,45796bf401472add25908b1db3d61f8062f6ceaf43c2047bb200903b78dd06c7
results/tables/e10-no-stochastic-s44_forecast.csv,1fb73afa0e61ab08d37a6f2b97185434b4730cfd1bc513397f5e0eb841ebccf3
results/tables/e10-no-stochastic-s44_training_curves.csv,654773fdb209085fbb7204daa8166c9e19ad2db2cdaf3cb26d469c533f1144b7
results/tables/e10_ablation_summary.csv,31d15df0c3d6628850728bdd6310a562ecbf9df8bd7ae82d12277c62ba63159d
results/tables/e11_e4e7-worldmodel-r2_episodes.csv,d3ed3f3aa44c19c05f279b09456b28c79f8959942d1ac786997a8494bf1f7fca
results/tables/e11_e4e7-worldmodel-r2_rankings.csv,d8da8e49568e762807d2877a227feb91fd39a9956321e37446d5d7f11bb4f668
results/tables/e12_precursor_effect_sizes.csv,aaded04628ca52c5b28f64c96c92d2464266fa3b416dd9ff6f041b328f5f731b
results/tables/e13_scoring_rules_e4e7-worldmodel-r2.csv,55eaad39de65fd3b75cb85171a722047b7183b5d943c558dd44ff6aae8be63cf
results/tables/e14_pmax_rescore_e10-full-s42.csv,85e3c6a29230c9676fb098dd5ffd73a3bf010b180feeb44e37328740fde26873
results/tables/e14_pmax_rescore_e10-full-s43.csv,f56a86c4ded6d889e1c43343e829dbc2d4f514135158c9ef67e5ab99d84bb453
results/tables/e14_pmax_rescore_e10-full-s44.csv,deed99ef99a4a6cfe6c690594fbc962be4e3e81daf92b17f99c3b897be4d49c9
results/tables/e14_pmax_rescore_e10-no-multistep-s42.csv,00a3da70b6c91d08ef86bea05893e5d3cd5317e5ae961036c56e839cbf0c3bc6
results/tables/e14_pmax_rescore_e10-no-multistep-s43.csv,9d6cf676b9726ccb57e1007a95d0bcb454ade103d5d1285fd9f223cb45015c6a
results/tables/e14_pmax_rescore_e10-no-multistep-s44.csv,f747c5b0d70bd1048ca6333abfed50da495be74530c23158f09bb7967ebee5f7
results/tables/e14_pmax_rescore_e10-no-stochastic-s42.csv,e591e4c243ace26fedc37876f58553ca2bee4b677212276b7b815e71ffa3cb2a
results/tables/e14_pmax_rescore_e10-no-stochastic-s43.csv,8cc17dfc6626294608a6d11811320dbc71453dd0a96f62ebf9571784521c913c
results/tables/e14_pmax_rescore_e10-no-stochastic-s44.csv,22c1149c870a671ef6cb7cd1110d46d060d43b311e9d58775bf8c1a611c3ad2b
results/tables/e14_pmax_rescore_e4e7-worldmodel-r2.csv,5622164aa434553744256f4298d3a07ca0303c827eaa7461b0fbf84b4280669b
results/tables/e15-precursor-r3-precursor-3seeds.csv,ee73b100174b1634e0744ff1df3b554603f079b9b32bab17a5f7c7729608cf27
results/tables/e15-precursor-r3-precursor-3seeds_combined.csv,7dad671f9e66118cea5bb800ece15ae90c17a909e7a0469544ddfb75e9d87236
results/tables/e15a-null-calibration-e14-pmax-rescore-e4e7-worldmodel-r2.csv,150b3bf1ed971e7e1b60e3b835f2195de3a9bb98aa667532130f1b2c0b4ab0a9
results/tables/e15a-null-calibration-e14-pmax-rescore-e4e7-worldmodel-r2_combined.csv,77ea2d7084d0e0d46d3d588585f6da50eec0b77bd0c4b94c968adeda038d851e
results/tables/e16-precursor-r4-rank-3seeds.csv,13927415b4b24c2ead6d77646d67f689c30dd622cdf6c5ca5e098a83a0f2c760
results/tables/e16-precursor-r4-rank-3seeds_combined.csv,34b90ac86eb97246b91d27662ddd9af0b7d24bfbf70b748c06afe3e2683a17e7
results/tables/e16-precursor-r4-rank-3seeds_per_onset.csv,5ee735b7a27717e62be6d82635950d48cc0947fffd4abffd576b3c3da6ce4486
results/tables/e16d-precursor-r4-rank-whole-s42.csv,4406dd4de1c5a78c3117e2254983b9368fec998483d0ca5f8371b1fea59e6c1f
results/tables/e16d-precursor-r4-rank-whole-s42_combined.csv,3eb0bf5c748a05926a6911114a0c452b9e2481d661669ac1c57da765ebf40fb1
results/tables/e16d-precursor-r4-rank-whole-s42_per_onset.csv,589d4072014abd4911a9986388db3c9db6485a10865ff5986b03ea6034ca83c9
results/tables/e17_calibration_summary.csv,6b5271859a202f1086ada6f24919bd7896e39d731215e164eeb0e908fde91b2a
results/tables/e17_reliability.csv,28566f80aee4d4a17e94bee4b88cf6002c3a2be173b29e6b5a742f1bf6c22260
results/tables/e18_policy_summary.csv,782e98e95fa0d0961ec1157e27b6dc47e6ab445c254b3f278444b2e85d6c3277
results/tables/e18_score_distributions.csv,62bbe0003355b68c8eb31730e29a1344f9c97743a63098c51a078b6a541230fc
results/tables/e18_window_scores_e4e7-worldmodel-r2_friday.csv,89a59a96487d91e0ac5ae8e133611e456495243a637fe821eee69adb1f928ab5
results/tables/e18_window_scores_e4e7-worldmodel-r2_thursday.csv,31ae7e25adda5ca33daab837482382514a06b93bcd28e347f6fcb0cf4c6843b0
results/tables/e1_attack_timeline.csv,8838ff79fb03297e6e627f71a7fa3b197226b285a7c6bd143905a050d94610b6
results/tables/e1_label_counts.csv,3c6aa2217a33b203b4321e9118e5bfa1fe1dad6a536c4b67a14eeaa8c62a81bb
results/tables/e1_window_stats.csv,2dab8ea7f2c2fca0ff0a16737d5b81d656f0bd2277e7efc742256bb676e204aa
results/tables/e25-ctu13-s42_forecast.csv,c5bb3c35d6d7a00085f0b17981d2cdf66d028946a8d3bea9b81dfed82df69874
results/tables/e25-ctu13-s42_training_curves.csv,2bb4e6ba38975021b6b906484a6812d89f8525f2aa1d63203cf1f2df37501ce2
results/tables/e25-ctu13-s43_forecast.csv,cced0ee240a1982dc4c46ff3bdbfd3cb0bd23f66085ec389780e11d9354c9d35
results/tables/e25-ctu13-s43_training_curves.csv,d94a9848d590036e4917fdd4a57ba297667f4c26db6037a015c8802f70297c48
results/tables/e25-ctu13-s44_forecast.csv,e15b68942168449b07439d0c82081ab02bf841ffc3ee3a59d8f520ceaf044fd9
results/tables/e25-ctu13-s44_training_curves.csv,46e3660f6abf5a6c48c5e75513174ce2dcda7b6127000dbeb1fbdf7adcba4fa9
results/tables/e25b_ctu13_families.csv,55661ded3a4ef64fe0c2b60f76bf1b62767a443377083d900a22085dca38f1cc
results/tables/e25b_ctu13_scenario_matrix.csv,bd3dfd8d0260ef2ca5db8926114a3a150a60dbdd6144425ee57582c25058bfd6
results/tables/e25b_ctu13_scenarios.csv,72f49bebf1739566f99fcb076c2ada4c22575fb8d21f8584fe4f66c069a61101
results/tables/e26_ablation_matrix.csv,0eae7528d62a635aed72fad6226c1b67c9ff04728ffab19244196144d7977692
results/tables/e26_ablation_summary.csv,5211557e65b086b26ab793a4d03a5c3b12d410b5af776e8c4ad38a9002d6a7fa
results/tables/e27_check4_dedupe_ab.csv,5b059e09a890e694413748f9ddef06248e76018e9602fa16d5976de9759e7301
results/tables/e27_parity.csv,4d4351eaac5470aa9c44dfb957c5ea2a994ae5b67b6ac30b302c002b6511a343
results/tables/e27_parity_live_pcap.csv,00772fd9bff6e44dc1ba17f0827a4b88c540e3e782f64c8ec1d730678fbca05e
results/tables/e27_parity_live_pcap_thursday-1640.csv,f5ba2ff06513e21a2a95ad0653b71f98837c6f5126753940cb0d197d169edb54
results/tables/e27_parity_thursday-1640.csv,4d4351eaac5470aa9c44dfb957c5ea2a994ae5b67b6ac30b302c002b6511a343
results/tables/e27_pcap_route.csv,a086bb16d66aeffbdda781d91e59259a38b35c959abb9012e6b28fe361d10f83
results/tables/e27_pcap_route.md,e6f44df2097c1e780d0be7f45860fabd514a385eef5801c8205328cd4528fb66
results/tables/e27_pcap_route_scorecard.csv,f7ddd643297d52f8c4cb38a86a0b6ee314c8b10e19478887b3c2983d7ed83b34
results/tables/e27_step8_decompose.csv,f218ebcd84de8004070e61ab8aecbc9bcf7321d78cd14489e2d8e00c3748e8da
results/tables/e28_m3_ci.csv,ddd2db394af74fd7049fe19222f14a62093f8bd0fefcdb378a7cf583549a04f8
results/tables/e28_m3_days.csv,ba39f0af679de65fb7586f40db55647932c5d7faba4dc668d101ef2d6c91cee3
results/tables/e28_m3_families.csv,bb1e4f119190d47a1acfb209d8cc212a0a750181d7c62489264cb2cd810743c3
results/tables/e2e3_baselines_lags0.csv,ceb14489fee214e1a040168a6d3daac2109f82b7d6a71f370648017d7fb1143d
results/tables/e2e3_baselines_lags4.csv,a61a337c2c051c7a14bf8f55d370dbe38efbe5e473ebb91822eddb5b252843df
results/tables/e3_lead_times_lags0.csv,19064adb8b248410010227767d772984769c3530526556934b99978a16728e7d
results/tables/e3_lead_times_lags4.csv,c62153192eb7156d0a845d3310264adae830f7e3a10d3ad98ea82b8832a5a971
results/tables/e4e7-r2-smoke_forecast.csv,c223bf4c2d2c986eb0383d5374c810b9e64f6574e23662840d588d4a29a4e495
results/tables/e4e7-r2-smoke_training_curves.csv,394b932d68313d412bcc084ed64502790a516b1c5f135aca75b1a725cce5d69d
results/tables/e4e7-worldmodel-r2_forecast.csv,4157067e00b7f062e3c03d109e19da0e37f6d75d1e73ac25bb976e14a490c3c6
results/tables/e4e7-worldmodel-r2_training_curves.csv,93274c4f2df8baf3feae86b649cedf8da62319f8bb5261cb69ba3ae1f6f12226
results/tables/e4e7-worldmodel-smoke_forecast.csv,5fe90a9c66649ccde495dd9ce26917e948375a1f7c670236525260edfbf3abb7
results/tables/e4e7-worldmodel-smoke_training_curves.csv,97a8aa641ed7cddff290bece7b2fa1da472ff4703cbc7e0c5073dd487bd2709e
results/tables/e4e7-worldmodel_forecast.csv,ef08cc149c8d75e70e4a9ae4b645fe5dabd0d9da2137db0fdac915b1a0b4c6c3
results/tables/e4e7-worldmodel_training_curves.csv,dc290454dfd64787a9df395907f4f877be549b026eac68e586125d94850b2ac1
results/tables/e9_e4e7-worldmodel-r2_confusion.csv,664b3a10d9118f6d886f19675e69531f8db145822761e878943d00ac70761efc
results/tables/e9_e4e7-worldmodel-r2_per_stage.csv,42b8820ffef1507b5b6d4021a0a01627e7307e9343456de3576c4d9e023d5b38
results/tables/e9_m1v2-e19-s42_confusion.csv,ca13167c2bc83eefcc489e7e247439de9d29ae50900b3d4d5b5f85b6d469235a
results/tables/e9_m1v2-e19-s42_per_stage.csv,ec3db21da75ddff39b71c9606f9cbcaf6bf987d2907966491df1ee78be1b2326
results/tables/e9_m1v2-e19-s43_confusion.csv,e85afcca1dde2afd7687c1549bb95cf4a599570803478794b420a00e5331eea8
results/tables/e9_m1v2-e19-s43_per_stage.csv,f0feb4b11e2e4bebfdab34fe937c3c5449aba8c4c20f212e8347bb289ff6738d
results/tables/e9_m1v2-e19-s44_confusion.csv,e9c7623dce8b0afe10cd0effd90bf243d923979e4367c482da72f4f4e1b74f3f
results/tables/e9_m1v2-e19-s44_per_stage.csv,ccf8be5dacb02d4481b45a903f835d6862c99bf163e469b7c8acb7b82d9f848d
results/tables/f2_zscore_clip_rates.csv,7c1996b0ed7f0d963f243e2df8d3afa6d814e6db8a347649785bd77e72b1b14e
results/tables/f2f3_feature_builds.csv,c69484b69e172ca66c9008df0db75c2e0d2627f91981e2e59eb85d580f9f45ec
results/tables/f3_host_channel_stats.csv,15676b239c38d550a4c8eb257dbf126fa7838edde9a98751900c23746ffb317a
results/tables/m1v2-e19-s42_forecast.csv,091a6675d198085ee304382f9bc02afbc85bed7ee26b6d1b9b0a924e9ae2c00e
results/tables/m1v2-e19-s42_training_curves.csv,b78a318c34220e3ed7239ee9c0238877747f0acf0b2dd8d32d20295069d853f4
results/tables/m1v2-e19-s43_forecast.csv,bf6e208bfc480a91d4c00de2e0fa766b124421da8f92388d0a5924d6fc28dab0
results/tables/m1v2-e19-s43_training_curves.csv,1a82efea533960efb0469056c2302c0a8d9d4615555fe86b2f745d5968dbd43f
results/tables/m1v2-e19-s44_forecast.csv,149668cf8c6bc0a727ba40a4fe88c1373436618f35c26490f609ff073132c904
results/tables/m1v2-e19-s44_training_curves.csv,f21ae4990f774ae135a66fa4289a0919a1cbe4588671c07ad2b48b185ecb6c75
results/tables/m1v2-e20-s42_forecast.csv,1fdb9f61935d3405291a21cb4a4194c3051cdd9883417343d1edd6624ce00a38
results/tables/m1v2-e20-s42_training_curves.csv,03b901a469b4f92bd31b57f0b4ce8f1156958479fb576a970e4a4c8fd9783938
results/tables/m1v2-e20-s43_forecast.csv,91cde5cef333e577aebee443f99fce03668c3a9ed57ea973778ce60b9116b9c8
results/tables/m1v2-e20-s43_training_curves.csv,d482826abcb833f5453e476e55d3e8d18129b5f0049a9377716a10b030a18434
results/tables/m1v2-e20-s44_forecast.csv,f10b81f82bd7ea69649f514e984b6f95f8750585bbdf117952d85be88e9252a7
results/tables/m1v2-e20-s44_training_curves.csv,a34e3ab1e2799422f9497a72d2b92abf078df56c03feee8a906e2ae6a506111c
results/tables/m1v2-e20r-s42_forecast.csv,6b04caad66fe110f48c24931f801b745d593f58fdcf472177ca2cfb3acbe05f8
results/tables/m1v2-e20r-s42_training_curves.csv,b3a8817c839bc1a6dc707501d006c79d858ff907b3bce6bbbcdcac4dbaf9e415
results/tables/m1v2-e20r-s43_forecast.csv,d14dc80e778d3ad78d6185b4c3692d1611517fd93775c1552763a91a65217407
results/tables/m1v2-e20r-s43_training_curves.csv,079ecb0b81a570b7720cd0a7825496921c1b05cff5822b43998f62c9258d22b6
results/tables/m1v2-e20r-s44_forecast.csv,c229d480bd7d9c3d84d8d8a0d6061a09043ed715c5e51c2ecb54398792c2d2e2
results/tables/m1v2-e20r-s44_training_curves.csv,ec7f07125122273542b4f89ab45bb6015ef0dbc555e4c37648c51369e791abcd
results/tables/m1v2-e21-s42_forecast.csv,53d498545219a0a33f6e0db49963bccf68721863113a5b6adfad2913140e0d21
results/tables/m1v2-e21-s42_training_curves.csv,236c2d9ec901353e0c96a4dcd7eca6ce7378eece5e8b54126fe798b927a0a9b4
results/tables/m1v2-e21-s43_forecast.csv,9e71e2526dc9c1ffc1547f1661a353bf245ec3f1155d572ce84e1d0e70ee1428
results/tables/m1v2-e21-s43_training_curves.csv,3f3f233eb4a26b8e0113e9ee9cd2ffa1d2e42ac91ddb6df6eb42244bc5edb2c0
results/tables/m1v2-e21-s44_forecast.csv,ebe3f3eda3384fa6efcece52fb7f8cff410b46f5f04f8fb2969cbf62d6b272b9
results/tables/m1v2-e21-s44_training_curves.csv,c3f0b171e40181c79467233e33c8a2f86d00acde649ee521a8247fe6758eef19
results/tables/m1v2-e22-s42_forecast.csv,5752259827235d31ef207bf3f6821a3acab1fe5308224ae00dfdcffd739e88dc
results/tables/m1v2-e22-s42_training_curves.csv,c9da8f20054c41d90ee86378b714a51037395a415dc51a089b2e16167e5f9673
results/tables/m1v2-e22-s43_forecast.csv,81c9d783be2096a28042a82427a06f1d4d464ebc09f748dbce9f52e01c03413d
results/tables/m1v2-e22-s43_training_curves.csv,6656b82e361bd249a3abd20dca92ee8c8c850af1e7cbcae018dc7e592f241729
results/tables/m1v2-e22-s44_forecast.csv,738e577a86e904d02551e09a4a0e932dbd17343f612dd14b31d1f046327d9e6b
results/tables/m1v2-e22-s44_training_curves.csv,73fc7c0a46ed2939c41429c37a1c15dd853686efa41e74ef5fe96f4372f1afcd
results/tables/m1v2-e23-s42_forecast.csv,4f2627e3d42015cd1a6ef1c51b8ac22464ba151ea92ce9778d79dcc3260216e0
results/tables/m1v2-e23-s42_training_curves.csv,d47871fd46edabf025eb593b27126f7bd55a0bc608e5763620b9a33e87b9a785
results/tables/m1v2-e23-s43_forecast.csv,896e92273e4ff9ef939fbc9292eed16ac392ee5937cb6dd883dd51959351253e
results/tables/m1v2-e23-s43_training_curves.csv,0874bca7a5d8f61e4da6a9a498a7501706593e64e3dad98ce85ef71def164a8b
results/tables/m1v2-e23-s44_forecast.csv,329f3760ad3ccc914fbb2dc26ce82d8c35b2ecdae2899316457cbd9a39bbfc74
results/tables/m1v2-e23-s44_training_curves.csv,990ef908e70726b46d7db79d3e924dca15984704cf18aaa50ee74ad8db7660d5
results/tables/m1v2-e24a-s42_forecast.csv,2057a6ffb8beb7136a1559edf1855346d0bdcda4bae60281c19983fb604fcdd1
results/tables/m1v2-e24a-s42_training_curves.csv,5986427b1cffb3107d9a08f9c3960eb49725e19a92307058b48017f7b69baa97
results/tables/m1v2-e24a-s43_forecast.csv,58ec6852fa142afdc3694ff5fdbe023267ee8073780048b738f2a1a3f916c8b2
results/tables/m1v2-e24a-s43_training_curves.csv,4c62b6c55485e08bb43b24e661b13b10a615bfe37839a41d4ce018a8588e93e5
results/tables/m1v2-e24a-s44_forecast.csv,2daa8e4dbedee2307508b2ab4eaa331515236e297ad6b6dde4c5204c2bb62261
results/tables/m1v2-e24a-s44_training_curves.csv,b5e3fd4dd93ae2f8ef358c54c19fcbd7f8986624638a15cc2d85b49d7e8f77c0
results/tables/m1v2-e26-s42_forecast.csv,64d99d0fad3cc9d9abb7b125d1e3bc40f743401da27ea3a0cf038357d2353ec5
results/tables/m1v2-e26-s42_training_curves.csv,7524ebde9961cba9c2119c971e4a9e5699ac210662017efcee8ef728b264a281
results/tables/m1v2-e26-s43_forecast.csv,0f2b7d4572e8ee2f9fa430643a2ea246256bc19f9e016fb9d56d1cf5b9aa5cdd
results/tables/m1v2-e26-s43_training_curves.csv,16edc229674066c39d8988a8734b9255ae19af729fb1f6fda1a10ba938b2941a
results/tables/m1v2-e26-s44_forecast.csv,3c91e2c8bbef60658e2decf03fb5e09eb58eddda7c571600140378e2be1cd1fc
results/tables/m1v2-e26-s44_training_curves.csv,545596208d157763f6c3d07821137aab102eccfd7ccb0ff6ad053f756de2b005
results/tables/m1v2-n8-e20rw-s42_forecast.csv,e7ffeac4b8a6bbfafc2d7242b6c4458b14fe8fb3d50125dd3f09c6114ca4646b
results/tables/m1v2-n8-e20rw-s42_training_curves.csv,c86b97ce57c0f16adf6069176be0a2aca04220869e72e062f4ba7037586529b5
results/tables/m1v2-n8-e20rw-s43_forecast.csv,c55d2b94abd3a2015168ce08de1bbf21e0252aaec69da736b64ad05bb55778c2
results/tables/m1v2-n8-e20rw-s43_training_curves.csv,52873b18147677e1f9d58273e7350ee87923541df56f3cae1d509220c34167ae
results/tables/m1v2-n8-e20rw-s44_forecast.csv,0371975aec2ff313a31bc6554999cd60a6407450e7ead0924fedbd024fef946c
results/tables/m1v2-n8-e20rw-s44_training_curves.csv,680b5c5b1644e84512ccbe6f67dd02239e0d728c321119636d154494df5c817c
results/tables/m3-s42_forecast.csv,5a925d6dc8688ed7a4b5a4d6c081200f3dfbbf2bca8a17c087dd6716a89b2074
results/tables/m3-s42_training_curves.csv,7b28809ac1d5e690fcf69cc6d19996074a64d6bf515b1a08b7abd925db492d24
results/tables/m3-s43_forecast.csv,a8fac2be453e4c21ef1169e40d4feda6714208177e4f9fad7ab1c0fe6d40abc6
results/tables/m3-s43_training_curves.csv,e8293667bfa922d677fdbe89eb76338bffd7905f94758cbd03be78896306dd8e
results/tables/m3-s44_forecast.csv,f62de4de0a26e7ae9b9ad6dd5118727a4d198ed37660391aed883d077213e4ff
results/tables/m3-s44_training_curves.csv,2f9a392dd98ce9e11094ea13add4a417e13c6470661980068c0e95aa28d36b11
results/tables/n6_ctu13_inversion_features.csv,39431301387c3706dbef5c115964cbd5006dab98d6958f6b854d4034c6fb2d08
results/tables/n6_ctu13_inversion_s42_features.csv,fa087eb5df7cae5e94640d83069e23237c1e77cadb98ab684ca55a2a137f4804
results/tables/n6_ctu13_inversion_s42_summary.csv,e3d488f8ae45637610d3bd72f26ad36b03721ea8bcdb5f7e44c21eb815080066
results/tables/n6_ctu13_inversion_summary.csv,da152b6f69a702d9d14bd01633b80aa67ecb44ea9d1e88cb70ceb0fa9372b1e8
results/tables/n6b_ctu13_perhost.csv,1c897a6d5bfa8a477c954e61cd650729140deeb40a1f4ac3562e6382e030a9cc
results/tables/n6b_ctu13_perhost_hostlevel.csv,b8cbaef2411c5e80cc8962e81701bd330ba6b6c0825ff8bb6dd124e0d5ad2ab4
results/tables/n8-r2i-s42_forecast.csv,a3f642ed8217d12e7a0c869188636dd691850f9e5991dee7c078aaf82f36b195
results/tables/n8-r2i-s42_training_curves.csv,f2eeebb792d6cacb7e1a307a5997ca3acc9a519e5ad6945ce6b394d664c6771c
results/tables/n8-r2w-s42_forecast.csv,525d58ebb0b1030bbbd706c7d1f9ba506c84e1446ffbd456c8383763788e1323
results/tables/n8-r2w-s42_training_curves.csv,a99c24cdd58080d7546183e3133816882912078558bd5f6e31a7bace24dc5bd6
results/tables/n8-r2w-s43_forecast.csv,25c15c1abbfea38faf1efe03948c0f1d06ecfe423ee97545eafebe4322fbd2d7
results/tables/n8-r2w-s43_training_curves.csv,742522eb8be236033ea8693fc3794167a460f8542b20521d82c8a334de8afb48
results/tables/n8-r2w-s44_forecast.csv,70e80c10caa761e585a370a025e6b9cf3ccc5f5dd99f829d02238b8597f7cf3c
results/tables/n8-r2w-s44_training_curves.csv,18f02477902514a8fbca3d3630ad22b5e7f3ec6ef95a330067aa18aa6fa05ce2
results/tables/n8_ctu13_positional_length.csv,25635f2791d6d6eb485ecf0269a7681b5a62d9a891135b75d7213bf9fc65563c
results/tables/n8_fix_eval.csv,ad138d353d48cb5ae52b2adfea6d56291d43e59e41d58b0c3a094b74a3cf254a
results/tables/n8_fix_parity.csv,d4fa869ce0ddeb9e92d89ea0e81b456732424b2445f4732b16ee1cbfa6314211
results/tables/n8_fix_scorecard.csv,d04d9e34a707d2b5afd444b72f2c40854a5e8fc37f5baf7d878cd70b1c67cfd3
results/tables/r3-precursor-s42_forecast.csv,04f50583308d7d8873e81411f64c79e1c468bba9813bc7e46bf6c657264c7deb
results/tables/r3-precursor-s42_training_curves.csv,769c9f5d4d120fac7c186791790e19169fa6de272f1ca1fd8041cbccacc7a10e
results/tables/r3-precursor-s43_forecast.csv,39eb25c58faaebe7315286f95840588ec03d65929e268ce755ad74be1c3d7f92
results/tables/r3-precursor-s43_training_curves.csv,7e780a69d67c044a6414c48729742353c048d67a75b9631bb0df515939f78eae
results/tables/r3-precursor-s44_forecast.csv,634f1841dfb58a711deda3ef983c2c6b75cd801fa7ed78e2ca0cfa289cc5437e
results/tables/r3-precursor-s44_training_curves.csv,a6d855b0e292f96100f95568ff255b5f184447f5978019b8c062922b7a544f4d
results/tables/r4-rank-s42_forecast.csv,5adaa3910be3ff729426726d2cc8c7b26130fee7f67ccb94fb2750cfe4652426
results/tables/r4-rank-s42_training_curves.csv,4993792d273c2fc673cb09d1bf0237a43e991b5aaa9ef47f8a6ae803fd20d366
results/tables/r4-rank-s43_forecast.csv,98e3b4375cb3a5238830b5dfae14ddb623394407e388d771285b4d4907b4abf9
results/tables/r4-rank-s43_training_curves.csv,d0b9cbbe21796a1ea52142508703a0cdb57753533d1411a95b6d4ba9852f8b5a
results/tables/r4-rank-s44_forecast.csv,9d9df87274a0245540d890dd8205d954fcf1d7db95405874a47d4cd9360347ab
results/tables/r4-rank-s44_training_curves.csv,664aea631ad7f108c74afcb4dbf4afdfca8b5773bbe012a9c9e8475883717f2f
results/tables/r4-rank-whole-s42_forecast.csv,c9298daada03ecc526769c7e865cdf6b5ffc5384ee9768e693c6db19d1243dd5
results/tables/r4-rank-whole-s42_training_curves.csv,52ebe19e0c217c65a8d79bc747b8e93c50754cff8613a677fbe1ba2174831b62
results/tables/reference-m1-2026-09-28.csv,ce884722d06322745caa5d3b529554c912dece8a04b7739a70a8d381668d0757
results/tables/s8_thursday_onset602_hosts.csv,7b3d11536f3b8e5036753ab9395b763ebfb07c5b1ca0eaaf84439718aee7b93a
results/tables/s8_thursday_onset602_windows.csv,2d1f3cd185bb98d5d30d2a6ae5206826e9d2779f0e2e684747662107fb53809b
results/tables/scorecard_e19.csv,414079ec9c69b4adc9e7b5806496b5ee51f9f5be4cdeac3cf58d097378f006bd
results/tables/scorecard_e20.csv,1ee49779f3ff7a0be9b18446132993c028f355f1c81bf612c828544fc51c2d7b
results/tables/scorecard_e20r.csv,230e4b0094f07d9225abf32fd0d03e13a1b6688f6c682b495687322eee92c9c6
results/tables/scorecard_e21.csv,7f5dc9345fd6baf576432603e08d5a19190cde37e73c3c117e437790e3f58c81
results/tables/scorecard_e22.csv,1b55923fd381cd91f5e2af83f555621ad0ea4cce6b6e9e95fb92f5ee4513b4ad
results/tables/scorecard_e23.csv,181bd1c016573ade1c5e1aedf52a6bece4b572fade91e2cd940787dc76b889cf
results/tables/scorecard_e24.csv,08075eea7dfe85a24fde7e59fdc11dfd9805f8ba000400f4ffd81fc93e51671e
results/tables/scorecard_e25.csv,122a41bce2caee608c318bf3f9846b7ffb841414f81c5adefd6fd8c04fcba262
